Symbol,Description,Sector,Price,Price - Currency,Price Change % 1 day,Volume 1 day,Relative Volume 1 day,Market capitalization,Market capitalization - Currency,Price to earnings ratio,"EPS diluted, Trailing 12 months","EPS diluted, Trailing 12 months - Currency","EPS diluted growth %, TTM YoY"
AAPL,Apple Inc.,Electronic technology,236.85,USD,-2.410383189122371,61645204,1.591228476589462,3580182689894.111,USD,39.02041219789453,6.0699,USD,-0.9755779238788207
NVDA,NVIDIA Corporation,Electronic technology,135.91,USD,-2.997644707729653,206874189,1.0407644882244211,3328435914499.9116,USD,53.53527395911293,2.5387,USD,235.18616318986005
MSFT,Microsoft Corporation,Technology services,418.95,USD,-1.3213680045223322,20133291,1.367623545285608,3114843318123.751,USD,34.57852904035193,12.1159,USD,17.332778105964493
GOOGL,Alphabet Inc.,Technology services,192.04,USD,-0.9847898943026536,26608782,1.3789375112626796,2358652098876.0723,USD,25.474563905286196,7.5385,USD,44.529227937652166
GOOG,Alphabet Inc.,Technology services,193.17,USD,-1.1361891601412555,20732292,1.5111965205182967,2355045600482.9736,USD,25.624461099688265,7.5385,USD,44.529227937652166
AMZN,"Amazon.com, Inc.",Retail trade,218.94,USD,-1.436095979831629,36745705,1.423537642790783,2302156502500.089,USD,46.92141188572898,4.6661,USD,143.63512949039264
META,"Meta Platforms, Inc.",Technology services,615.86,USD,0.8416295520041895,19226782,2.072211220372295,1554431016501.2998,USD,29.002802043843744,21.2345,USD,87.43986512132903
TSLA,"Tesla, Inc.",Consumer durables,394.74,USD,-0.050640603635992466,62095858,0.7761757401590252,1267139018990.1409,USD,108.13609467455622,3.6504,USD,17.54628884237642
AVGO,Broadcom Inc.,Electronic technology,224.31,USD,-2.180454406698356,23837626,0.9129575670787408,1051420803527.3713,USD,183.99639078008366,1.2191,USD,-62.98803813224847
BRK.B,Berkshire Hathaway Inc. New,Finance,442.66,USD,-2.031692634560896,5467404,1.7343912200545397,954646557573.778,USD,8.941289584991337,49.5074,USD,40.804828172683386
LLY,Eli Lilly and Company,Health technology,799.9,USD,1.6107314346688284,3970918,1.6991837502132046,759357579235.1643,USD,87.50205108570803,9.1415,USD,68.73707914943887
WMT,Walmart Inc.,Retail trade,93,USD,1.3071895424836633,18135680,1.5461098967809326,747104944270.0327,USD,38.19145004311938,2.4351,USD,21.27595995816525
JPM,JP Morgan Chase & Co.,Finance,239.87,USD,-1.3408464607411634,10255432,1.4533304928331576,675315757568.3625,USD,13.343383379596922,17.9767,USD,7.310768863419306
V,Visa Inc.,Commercial services,307.71,USD,-1.5642994241842747,6660071,1.555930272732746,603429773826.2035,USD,32.07517668397023,9.5934,USD,17.69310040239476
UNH,UnitedHealth Group Incorporated,Health services,520.69,USD,-0.7301914131014885,5462197,1.4349082674320357,479182850925.0231,USD,33.823338356805074,15.3944,USD,-33.188087529403596
XOM,Exxon Mobil Corporation,Energy minerals,106.54,USD,-0.3647245861778739,19299879,1.5329063524323436,468253393504.74725,USD,13.269728975687524,8.0288,USD,-20.183714248789656
MA,Mastercard Incorporated,Commercial services,504.67,USD,-2.2714949651432925,2815476,1.4301068736535758,463201803816.89404,USD,38.164919763449646,13.2234,USD,15.177381564163086
ORCL,Oracle Corporation,Technology services,154.5,USD,-5.296064729680022,13586647,2.522604465636498,432129708832.889,USD,37.80833985904464,4.0864,USD,13.015100392720838
COST,Costco Wholesale Corporation,Retail trade,936.94,USD,1.031950569891203,2764661,1.6764065805662158,415906600145.2517,USD,55.01832104101096,17.0296,USD,16.132815963011197
HD,"Home Depot, Inc. (The)",Retail trade,389.89,USD,0.6947314049586771,5321388,2.383153386500217,387302160169.77496,USD,26.489971736058266,14.7184,USD,-5.558656887845124
PG,Procter & Gamble Company (The),Consumer non-durables,158.56,USD,-2.183837137569397,8500864,1.6479860903949082,373415433630.018,USD,27.347361159020352,5.798,USD,-5.738904243212482
NFLX,"Netflix, Inc.",Technology services,837.69,USD,-4.263999999999993,4799628,1.866915410935837,358077400821.0919,USD,47.40210502489815,17.672,USD,76.20899391763885
BAC,Bank of America Corporation,Finance,45.11,USD,-2.380437134819306,40683711,1.700336201200602,346123582630.2244,USD,16.398269657203095,2.7509,USD,-22.902945545248162
JNJ,Johnson & Johnson,Health technology,142.06,USD,-0.14760666338652417,8819588,1.3583507016286123,342026940309.9733,USD,23.482544300449618,6.0496,USD,15.461398988453103
ABBV,AbbVie Inc.,Health technology,175.17,USD,-1.865546218487402,5372174,1.3396777939862237,309549980514.7457,USD,61.090186231429165,2.8674,USD,-21.520650299696204
CRM,"Salesforce, Inc.",Technology services,317.85,USD,-2.768430712756181,6537345,1.7167510290902646,304182444320.70404,USD,52.29172150565939,6.0784,USD,130.72309736192827
CVX,Chevron Corporation,Energy minerals,153.14,USD,1.8895542248835495,11073710,1.8477782937698357,275206587279.71265,USD,16.855057948204323,9.0857,USD,-32.44330433489479
KO,Coca-Cola Company (The),Consumer non-durables,61.07,USD,-1.0371090584994338,22421066,1.9794907667502821,263077151252.90616,USD,25.36340227593654,2.4078,USD,-2.9308607135658216
MRK,"Merck & Company, Inc.",Health technology,99.25,USD,-0.6009013520280364,11328470,1.6188687674923603,251066343575.87885,USD,20.787517017488742,4.7745,USD,165.2057990334944
TMUS,"T-Mobile US, Inc.",Communications,211.3,USD,-1.958054936896807,4175404,1.4258259608189505,245210817580.9526,USD,24.077851339494284,8.7757,USD,36.04892719831329
CSCO,"Cisco Systems, Inc.",Electronic technology,58.74,USD,-0.7770270270270284,17273845,1.2045664257993358,233947225603.02872,USD,25.290622578145182,2.3226,USD,-29.881656804733726
WFC,Wells Fargo & Company,Finance,69.96,USD,-2.249545899119742,14337057,1.4751198521112059,232931169963.39026,USD,14.545605755036695,4.8097,USD,3.652859790526275
ACN,Accenture plc,Technology services,349.79,USD,-2.219551058060548,2829981,1.4190833492417154,218786627738.16928,USD,29.321430068318033,11.9295,USD,10.550458715596335
NOW,"ServiceNow, Inc.",Technology services,1024.57,USD,-2.336332786822739,1577253,1.7989647973854523,211061411158.50818,USD,159.3867645686195,6.4282,USD,-16.845182655490014
TMO,Thermo Fisher Scientific Inc,Health technology,542.31,USD,-0.48079569853008736,2919946,2.162948277468729,207433704611.82126,USD,34.00936917953831,15.9459,USD,4.4933880289904495
AXP,American Express Company,Finance,293.3,USD,-3.1533762588740335,2684950,1.4803831247736998,206613689009.2346,USD,21.574108127988232,13.595,USD,27.471847427590923
IBM,International Business Machines Corporation,Technology services,219.75,USD,-1.5368760641634585,3570194,1.3800544647361128,203190763198.39368,USD,31.983640677078025,6.8707,USD,-8.83312987633353
MCD,McDonald's Corporation,Consumer services,282.31,USD,-1.5998605785988063,3945046,1.7374187903813036,202308900363.14987,USD,24.782513277443705,11.3915,USD,0.36387024017199215
BX,Blackstone Inc.,Finance,164.85,USD,-5.242283152267635,5077929,2.373788132192958,199943873173.94897,USD,56.67090652824091,2.9089,USD,21.879582687392645
MS,Morgan Stanley,Finance,123.45,USD,-3.4490849366494576,6873199,1.5873833261999766,198882351266.70462,USD,18.76367947470817,6.5792,USD,17.870899546733085
LIN,Linde plc,Process industries,414.15,USD,-1.3952048760743825,2642567,1.4317323440859981,197200798021.13568,USD,31.43262648188345,13.1758,USD,8.858521431640177
DIS,Walt Disney Company (The),Consumer services,108.65,USD,-1.011297376093294,8824453,1.5958445718498642,196758548885.9015,USD,39.99779119422765,2.7164,USD,111.11370171757211
PEP,"PepsiCo, Inc.",Consumer non-durables,142.64,USD,-2.6613893817387786,9628619,1.6947020503854908,195700503943.83295,USD,21.024393838897485,6.7845,USD,13.241086927493662
ISRG,"Intuitive Surgical, Inc.",Health technology,547.47,USD,0.6341678614756895,1732126,1.6448430609100326,194997566856.70657,USD,87.99646387527125,6.2215,USD,46.51579021736571
ABT,Abbott Laboratories,Health technology,112.31,USD,-1.6980306345733023,5108722,1.3427768970298715,194796663533.62643,USD,34.154426299303594,3.2883,USD,11.748113912866168
AMD,"Advanced Micro Devices, Inc.",Electronic technology,116.04,USD,-4.760341431385421,59235441,1.6992464495494428,188310561908.23672,USD,103.80177117810182,1.1179,USD,781.6246056782334
GE,GE Aerospace,Producer manufacturing,171.69,USD,-0.6940829429116714,5130603,1.289437316484118,185819046814.21347,USD,30.282025503994923,5.6697,USD,-35.05200696480939
PM,Philip Morris International Inc,Consumer non-durables,117.15,USD,-3.8650910881339193,5363391,1.4445667000987341,182148730678.6891,USD,18.58314430291398,6.3041,USD,22.512000310939236
ADBE,Adobe Inc.,Technology services,405.92,USD,-3.255636588969915,5550049,1.7163494417027423,178685983236.68698,USD,32.73627587764221,12.3997,USD,4.906174385353378
GS,"Goldman Sachs Group, Inc. (The)",Finance,560,USD,-3.4516051170649256,2816446,1.8471058873341524,175789505430.84723,USD,16.433709058788658,34.0763,USD,64.88505663700546
INTU,Intuit Inc.,Technology services,623.43,USD,-0.4184969251657223,2390036,2.3764992227771393,174508513857.4623,USD,60.647301451418336,10.2796,USD,12.512587014579049
QCOM,QUALCOMM Incorporated,Electronic technology,156.98,USD,-1.320090520492848,6235941,1.046418478891504,174404782007.14935,USD,17.48613184218148,8.9774,USD,39.81093582096524
TXN,Texas Instruments Incorporated,Electronic technology,190.15,USD,-0.7878534905561886,7223546,1.9331874751980331,173457992422.88635,USD,35.324824908506564,5.3829,USD,-30.20913015856552
DHR,Danaher Corporation,Health technology,235.07,USD,-1.2684279054139234,2863252,1.2420749858354,169785216072.17297,USD,44.83672846570535,5.2428,USD,-33.64216281895504
CAT,"Caterpillar, Inc.",Producer manufacturing,351,USD,-2.7889328938986884,2773847,1.9751008218553043,169463677509.7211,USD,16.276071855843156,21.5654,USD,22.137897443448903
VZ,Verizon Communications Inc.,Communications,37.81,USD,-2.901900359527467,27327938,1.451382215527763,159165971022.48587,USD,16.300926923906015,2.3195,USD,-53.25379390959108
BKNG,Booking Holdings Inc. Common Stock,Consumer services,4739.55,USD,-2.7269816641422513,306234,1.9278114152543333,156863528417.6913,USD,32.159665507723126,147.3756,USD,2.6421854008060914
T,AT&T Inc.,Communications,21.69,USD,-2.2091974752028785,41531315,1.638784368122591,155632021906.9991,USD,17.631279466753377,1.2302,USD,
PLTR,Palantir Technologies Inc.,Technology services,67.26,USD,-1.421662025501977,77913793,1.063014703245752,153219705716.81488,USD,340.55696202531647,0.1975,USD,205.25502318392586
RTX,RTX Corporation,Electronic technology,115.11,USD,-0.6987577639751572,4286219,1.3938662482289734,153213290482.5194,USD,32.876360209065204,3.5013,USD,62.511023439313064
PFE,"Pfizer, Inc.",Health technology,26.72,USD,-0.5212211466865249,32558583,0.995309102138988,151421982503.1601,USD,35.91880629116817,0.7439,USD,-59.13984400747007
SPGI,S&P Global Inc.,Commercial services,482.72,USD,-2.6499415157504105,1189304,1.21719916179033,149788005682.84082,USD,42.59006008417078,11.3341,USD,46.60776882381093
BLK,"BlackRock, Inc.",Finance,955.64,USD,-3.088936213365788,907731,1.633688945952965,148008503467.86795,USD,23.58230759359978,40.5236,USD,13.652834337383194
ANET,"Arista Networks, Inc.",Electronic technology,114.34,USD,-1.0128993160765316,5371847,1.1370937904083829,144040906350.60272,USD,54.88934760693198,2.0831,USD,38.66072022898223
HON,Honeywell International Inc.,Electronic technology,218.19,USD,-0.8993050824362947,3585050,1.3277057172618105,141877473678.23724,USD,25.196604884808593,8.6595,USD,7.355384195779911
AMGN,Amgen Inc.,Health technology,262.23,USD,-0.7494038832746532,2721786,1.0499391801336198,140957215260.17966,USD,33.57661429723812,7.8099,USD,-44.46253840027307
LOW,"Lowe's Companies, Inc.",Retail trade,247.9,USD,0.4090890680060025,2537753,1.3790880449741667,139976740706.24857,USD,20.68263542996354,11.9859,USD,-7.626681052753261
BSX,Boston Scientific Corporation,Health technology,94.88,USD,-1.1151641479937544,5901237,1.3920047599414243,139836750142.48087,USD,78.47808105872622,1.209,USD,48.0891719745223
AMAT,"Applied Materials, Inc.",Producer manufacturing,171.65,USD,-3.0171196112774754,6323934,1.3285579537775496,139668971305.74496,USD,19.93751016330987,8.6094,USD,6.126423746363613
SYK,Stryker Corporation,Health technology,365.66,USD,0.42845372150508165,1313772,1.3120306728909392,139395368033.0488,USD,39.20446016940067,9.327,USD,38.34173835657075
CMCSA,Comcast Corporation,Consumer services,36.36,USD,-2.1791767554479478,27686620,1.41588844194458,139132990386.41162,USD,9.798162170901938,3.7109,USD,2.9518657234013115
UBER,"Uber Technologies, Inc.",Transportation,65.97,USD,1.6330303497149936,30665737,1.4359976233019356,138913645642.15036,USD,32.2860079283512,2.0433,USD,311.62369057211924
NEE,"NextEra Energy, Inc.",Utilities,67.38,USD,-4.641947353523919,16260663,2.624946304602428,138560545154.8913,USD,19.940220768843773,3.3791,USD,-10.638916803300361
PGR,Progressive Corporation (The),Finance,235.61,USD,-3.275996551582573,3692339,1.9722471757310667,138023050962.2435,USD,17.111130477725975,13.7694,USD,198.70490487450374
UNP,Union Pacific Corporation,Transportation,225.21,USD,-2.8513501854887346,2711328,1.3992398985010643,136535065098.16669,USD,20.69032044686168,10.8848,USD,4.514815739442707
C,"Citigroup, Inc.",Finance,71.4,USD,-2.538902538902538,13205406,1.244472058738783,135036308552.26863,USD,20.620938628158846,3.4625,USD,-45.052765214631435
TJX,"TJX Companies, Inc. (The)",Retail trade,120.06,USD,-1.3070283600493247,4355159,1.1334711545766318,134966406248.79208,USD,28.2567252700699,4.2489,USD,20.310907237512737
ETN,"Eaton Corporation, PLC",Producer manufacturing,341.45,USD,-1.0605314247631261,1827979,1.0422861132196868,134941038440.71396,USD,36.31287886844624,9.403,USD,25.885266751455926
SCHW,Charles Schwab Corporation (The),Finance,72.77,USD,-0.31506849315069035,10866008,1.8577440944177823,133209545883.99495,USD,28.44355847404628,2.5584,USD,-14.83072006391691
COP,ConocoPhillips,Energy minerals,101.92,USD,0.2952174768746282,7013213,1.3844012309959524,131839856239.62686,USD,12.102500771843161,8.4214,USD,-8.010093176182725
BA,Boeing Company (The),Electronic technology,172,USD,0.13972985561248782,7504690,0.8235751829657995,128686272251.35074,USD,,-12.9064,USD,-175.30716723549486
KKR,KKR & Co. Inc.,Finance,140.93,USD,-4.93119266055046,3968588,1.8161846771505281,125178109557.0298,USD,43.59918326939735,3.2324,USD,6.273014203051036
ADP,"Automatic Data Processing, Inc.",Technology services,286.85,USD,-1.726677858097216,2292461,1.8490341384693239,116879020263.6769,USD,30.64734980822035,9.3597,USD,11.20391602409495
FI,"Fiserv, Inc.",Finance,200.51,USD,-2.2998586951225453,3114347,1.7936108724247792,114073898635.28659,USD,38.67862654320987,5.184,USD,8.467767246249453
PANW,"Palo Alto Networks, Inc.",Technology services,173.42,USD,0.34137591853264765,5718942,1.2448907860103349,113798207322.30293,USD,45.20383693045564,3.8364,USD,334.9166761138193
BMY,Bristol-Myers Squibb Company,Health technology,55.83,USD,-1.7250484069706105,9679532,1.2129364371655327,113233104310.92168,USD,,-3.5968,USD,-191.22451050015218
GILD,"Gilead Sciences, Inc.",Health technology,89.88,USD,0.830154812654246,7861640,1.791746167363319,112014375551.85327,USD,1013.303269447576,0.0887,USD,-98.09795428228331
DE,Deere & Company,Producer manufacturing,408.57,USD,-0.3487804878048797,1699152,2.074986402056092,110957514954.7818,USD,15.96007734526065,25.5995,USD,-26.115291258633285
LMT,Lockheed Martin Corporation,Electronic technology,468.05,USD,-0.17063026554335317,1127378,1.2221423031121659,110944356320.08244,USD,16.941024026176155,27.6282,USD,0.9551719601853278
MU,"Micron Technology, Inc.",Electronic technology,99.34,USD,-0.0704154511618481,20484079,0.8064743323879725,110681838139.87686,USD,28.68942413215503,3.4626,USD,
VRTX,Vertex Pharmaceuticals Incorporated,Health technology,409.56,USD,-0.6187668340976951,1687862,1.211410148614426,105473695079.30959,USD,,-1.9932,USD,-114.9598084616135
ADI,"Analog Devices, Inc.",Electronic technology,212.37,USD,-3.6608600979858434,4108454,1.8296821817377282,105398562029.68304,USD,64.76867242062887,3.2789,USD,-49.867747114135
NKE,"Nike, Inc.",Consumer non-durables,71.2,USD,-0.1262449151353674,15659417,1.660218643456723,105314494217.07393,USD,21.9956750077232,3.237,USD,-5.472491531363152
UPS,"United Parcel Service, Inc.",Transportation,123.28,USD,-2.745345534869047,5216469,1.547534802311007,105203417148.9555,USD,18.640659257579195,6.6135,USD,-33.09966011167759
SBUX,Starbucks Corporation,Consumer services,92.25,USD,-0.3779697624190004,6549060,0.9484525332748249,104593052780.45087,USD,27.8987479586282,3.3066,USD,-7.711630243657372
CB,Chubb Limited,Finance,257.71,USD,-3.3527095443465207,4170074,3.0587843169155327,103882381125.52638,USD,10.552975766361186,24.4206,USD,44.286296683623725
MDT,Medtronic plc.,Health technology,80.66,USD,-2.443154329946795,7067257,1.2402816619871881,103429160469.49031,USD,24.616229743339336,3.2767,USD,6.472786352558889
MMC,"Marsh & McLennan Companies, Inc.",Finance,209.11,USD,-1.059853323870348,2234930,1.683493212447453,102698424221.19992,USD,25.78676071622355,8.1092,USD,16.894424263391567
GEV,GE Vernova Inc.,Producer manufacturing,367.1,USD,0.16917703558175193,2385171,1.104983102614578,101192202484.66711,USD,80.58744758852326,4.5553,USD,
PLD,"Prologis, Inc.",Finance,103.59,USD,-1.810426540284357,4230736,1.0657101831019962,100153891712,USD,31.91115766126548,3.2462,USD,3.6826471621578447
LRCX,Lam Research Corporation,Producer manufacturing,74.65,USD,-3.1022845275181727,11951149,1.3777867597507536,96051040765.41795,USD,24.155449132798346,3.0904,USD,5.047758251470134
CEG,Constellation Energy Corporation,Utilities,305.19,USD,25.159940944881885,14700483,4.65019474185909,95453237697.77806,USD,33.67873932331325,9.0618,USD,73.52124542825959
CHTR,"Charter Communications, Inc.",Consumer services,334.89,USD,-4.130882858124358,1259526,1.6311902521720154,95239873443.2878,USD,10.488091323342886,31.9305,USD,4.2073932894491985
EQIX,"Equinix, Inc.",Finance,899.83,USD,-5.384631561238216,780911,2.156469261425895,91764125810,USD,81.08914281594694,11.0968,USD,19.38076232074275
KLAC,KLA Corporation,Electronic technology,683.06,USD,-0.4575925386184931,1254451,1.4454218722706442,91365957555.5545,USD,31.194227519751564,21.897,USD,-1.8467882917208418
SO,Southern Company (The),Utilities,81.32,USD,-2.047699349554328,5002341,1.3252357815761882,89101025947.86604,USD,18.944229604435538,4.2926,USD,55.393860411236616
ELV,"Elevance Health, Inc.",Health services,381.15,USD,-0.5453501722158521,1779906,1.467428296677567,88397375173.25632,USD,13.893698534263104,27.4333,USD,7.687566977691756
APO,"Apollo Global Management, Inc. (New)",Finance,155.39,USD,-4.0684035066057564,4502708,1.680233670245203,87922218531.95871,USD,16.35305508198101,9.5022,USD,99.95370565211901
MO,"Altria Group, Inc.",Consumer non-durables,50.87,USD,-1.2041173043309468,11993195,2.1279159564044217,86215139524.01572,USD,8.5904385564956,5.9217,USD,20.752446982055474
CRWD,"CrowdStrike Holdings, Inc.",Technology services,348.84,USD,-2.7542372881356076,2827759,1.1759589550356564,85923208651.86227,USD,688.8625592417062,0.5064,USD,
TT,Trane Technologies plc,Producer manufacturing,377.12,USD,-2.3258223258223305,985187,1.0590916889660797,84861001214.63412,USD,34.97292083982491,10.7832,USD,27.200877637927185
APH,Amphenol Corporation,Electronic technology,70.2,USD,-2.2692468327996593,4530729,1.010823057523515,84634028793.38716,USD,40.28000918062887,1.7428,USD,12.482251194010571
AMT,American Tower Corporation (REIT),Finance,173.46,USD,-3.197723087225844,3539231,1.837227301938644,83733588403,USD,73.12507904388517,2.3721,USD,55.47617487055122
PYPL,"PayPal Holdings, Inc.",Commercial services,83.36,USD,-5.208096429383669,11335766,1.9781128877674699,83571638218.44713,USD,19.916853825201894,4.1854,USD,24.609979754674274
WM,"Waste Management, Inc.",Industrial services,207.25,USD,0.32432955755638854,2564155,1.9156339752560474,83183008808.88153,USD,31.661523419597298,6.5458,USD,15.697191438216937
SHW,Sherwin-Williams Company (The),Process industries,330.16,USD,-2.186407536884516,1685150,1.2834968573501542,83151888294.1684,USD,32.89232485853192,10.0376,USD,7.533424751456964
CME,CME Group Inc.,Finance,229.2,USD,-0.043610989969482226,2739520,1.759553657901976,82595019132.7379,USD,24.101453237712672,9.5098,USD,13.496998412679476
INTC,Intel Corporation,Electronic technology,19.15,USD,-3.672032193158956,71108518,1.3784307267471447,82593946512.92757,USD,,-3.7174,USD,-826.1086198305928
ABNB,"Airbnb, Inc.",Consumer services,129.63,USD,-0.8944954128440488,4321843,1.4877477183912782,82181745210.50526,USD,45.52734169212938,2.8473,USD,-65.51068365715392
MCO,Moody's Corporation,Commercial services,452.81,USD,-4.085998729082826,1131549,2.7916700075617307,82049171678.6881,USD,41.38879748455267,10.9404,USD,33.07870088796984
CDNS,"Cadence Design Systems, Inc.",Technology services,299,USD,-1.2321210319426612,1330456,1.2352206141695865,82004640122.05266,USD,78.63041077157735,3.8026,USD,8.357792152281078
ICE,Intercontinental Exchange Inc.,Finance,142.8,USD,-2.5721498260216835,3979441,1.8754531705431239,81992410249.29524,USD,33.826838801373924,4.2215,USD,-2.01244139083609
DUK,Duke Energy Corporation (Holding Company),Utilities,105.87,USD,-2.1805414395269325,2998145,1.1125674558809298,81782710078.8699,USD,19.054732636201653,5.5561,USD,253.05966829764247
PH,Parker-Hannifin Corporation,Electronic technology,630.04,USD,-1.7864380358534744,612774,1.4685723447562338,81099018750.77855,USD,28.448353712500225,22.1468,USD,22.929872667325352
DELL,Dell Technologies Inc.,Electronic technology,114.77,USD,-3.8052133098650622,8204778,1.679235932503409,80391695657.09857,USD,20.28526989289123,5.6578,USD,56.64331792131565
WELL,Welltower Inc.,Finance,124.78,USD,-1.3440860215053787,3116204,1.5649135994242136,78757771841,USD,155.975,0.8,USD,117.03743895822032
CI,The Cigna Group,Health services,278.99,USD,-0.11814406415580127,1527120,1.3877901691653087,77601792530.58904,USD,26.314349851917527,10.6022,USD,-40.17357349223546
CMG,"Chipotle Mexican Grill, Inc.",Consumer services,56.5,USD,-2.4516574585635387,10645142,1.7011821452120894,76986503059.21097,USD,52.5092936802974,1.076,USD,27.6393831553974
HCA,"HCA Healthcare, Inc.",Health services,302.82,USD,-2.7084337349397614,2417609,2.1666185864820027,76703424376.90564,USD,13.591073929122832,22.2808,USD,9.531558015721247
REGN,"Regeneron Pharmaceuticals, Inc.",Health technology,696.88,USD,-5.004157635736588,1117224,1.7941995218782611,76579815728.43228,USD,17.244724234865583,40.4112,USD,15.250157569466044
CTAS,Cintas Corporation,Consumer services,189.3,USD,-1.7389047495458054,2331003,1.1000072861821708,76390866427.04024,USD,45.682706694338535,4.1438,USD,20.207704803898807
SNPS,"Synopsys, Inc.",Technology services,492.54,USD,-1.8844621513944182,1281638,1.6292896299349193,76136075029.84209,USD,33.916348762584185,14.5222,USD,82.8992443324937
MSI,"Motorola Solutions, Inc.",Electronic technology,455.26,USD,-1.614332332029483,604399,1.0747217348071723,76083321705.49011,USD,49.89369397014664,9.1246,USD,-7.728867720373353
AON,Aon plc,Finance,349.51,USD,-0.8341608738828197,971283,1.4328508152404416,75587230535.45819,USD,29.507463190598408,11.8448,USD,-9.941227009724543
MAR,Marriott International,Consumer services,270.76,USD,-1.0126859942236617,1317641,1.327394963672055,75242425480.08116,USD,28.31151449245054,9.5636,USD,1.3383065071577542
MDLZ,"Mondelez International, Inc.",Consumer non-durables,56.25,USD,-3.499742665980441,11668018,1.5315271290488002,75217175711.85023,USD,19.953176545706075,2.8191,USD,-15.75974899148363
PNC,"PNC Financial Services Group, Inc. (The)",Finance,189.02,USD,-2.9073351140332835,2252957,1.5510420647469498,75000004380.95418,USD,15.98761725126661,11.8229,USD,-17.922177097434826
USB,U.S. Bancorp,Finance,47.38,USD,-2.3495465787304215,8528508,1.6379599340990865,73914304457.56966,USD,14.510596594389318,3.2652,USD,-2.6649973171167924
EOG,"EOG Resources, Inc.",Energy minerals,131.41,USD,2.296434687840564,4882837,1.8489431553118658,73911616111.09668,USD,10.578641464474892,12.4222,USD,-7.710252600297182
MCK,McKesson Corporation,Distribution services,581.74,USD,-1.4434317080608514,597053,1.215395103715705,73846131502.2711,USD,30.1514986601983,19.2939,USD,-23.722642165854886
ZTS,Zoetis Inc.,Health technology,163.32,USD,-1.0301781602230136,3179471,1.6005277787859646,73684271103.61264,USD,30.705597021940626,5.3189,USD,8.173683140126101
FTNT,"Fortinet, Inc.",Technology services,94.56,USD,-1.541024573094548,4018710,1.3135030932794731,72475767790.51062,USD,47.66609537251739,1.9838,USD,36.70066152149944
ITW,Illinois Tool Works Inc.,Producer manufacturing,244.9,USD,-1.0944630669197561,1152599,1.5515169773203181,72318967189.10464,USD,21.18567090841458,11.5597,USD,12.177820045027552
AJG,Arthur J. Gallagher & Co.,Finance,287.01,USD,0.5288966725043751,3074545,1.2054777172205138,71695860895.70164,USD,54.57190120358223,5.2593,USD,0.843671504994911
MMM,3M Company,Producer manufacturing,131.21,USD,-2.4678510369434274,4661697,1.8508816617757238,71451540446.50592,USD,16.573196918024507,7.917,USD,
GD,General Dynamics Corporation,Electronic technology,259.38,USD,-0.7993268826251698,1708668,1.4053628670959297,71321363044.9474,USD,19.751149827906552,13.1324,USD,9.75862530088259
TDG,Transdigm Group Inc.,Electronic technology,1262.11,USD,-1.5760496599912688,266857,1.2027851057778596,70969009868.6373,USD,49.3061795338589,25.5974,USD,16.283105437695898
CL,Colgate-Palmolive Company,Consumer non-durables,86.36,USD,-1.2577178138577572,6711117,1.9769096500877898,70557062769.58702,USD,24.81110121527279,3.4807,USD,82.02593870934004
ORLY,"O'Reilly Automotive, Inc.",Retail trade,1197.6,USD,-0.6751040854579013,308156,1.0434661295762286,69138273787.18463,USD,29.629043191703072,40.4198,USD,7.4971809110444525
BDX,"Becton, Dickinson and Company",Health technology,233.67,USD,-0.32419058994156863,2597939,1.7399555892362668,67766116298.57961,USD,39.33573496734226,5.9404,USD,19.59734246023758
WMB,"Williams Companies, Inc. (The)",Industrial services,55.52,USD,-1.5428267423301958,6336322,1.3545334696633913,67679529892.17096,USD,23.618496618028676,2.3507,USD,6.193530899891569
EMR,Emerson Electric Company,Electronic technology,117.94,USD,-1.961762261014131,3736092,1.851895893695466,67170531725.819786,USD,34.40289364681174,3.4282,USD,-8.236301828207395
NOC,Northrop Grumman Corporation,Electronic technology,458.69,USD,-0.7615585989052556,626411,1.0934342729069062,66828995653.06071,USD,28.40220931528564,16.1498,USD,-46.99874633253038
COF,Capital One Financial Corporation,Finance,175.29,USD,-2.6923503941378897,4405092,2.5732206171359593,66825867242.873436,USD,16.54928247734139,10.592,USD,-20.39741171342467
WDAY,"Workday, Inc.",Technology services,249.71,USD,-1.9553182300051004,2011329,1.1901128978556088,66672570639.25132,USD,41.4291402594817,6.0274,USD,2449.661590524535
FDX,FedEx Corporation,Transportation,270.73,USD,-1.516915241906133,1474233,0.9944882085763818,65205485944.68858,USD,17.258569361306076,15.6867,USD,-7.070964378595157
APD,"Air Products and Chemicals, Inc.",Process industries,293.08,USD,2.7449605609114758,2423534,2.6851812868036964,65176155929.302284,USD,17.055995903022684,17.1834,USD,66.92636487274139
ECL,Ecolab Inc.,Process industries,229.72,USD,-2.0676130792513936,1254260,1.5304853659066342,65047931691.75171,USD,32.22376523727363,7.1289,USD,65.74211847856412
TGT,Target Corporation,Retail trade,141.62,USD,2.4598466213283214,5881232,1.5193109435879186,64891976164.32629,USD,15.006728762013756,9.4371,USD,20.219365851794283
RSG,"Republic Services, Inc.",Industrial services,206.29,USD,-0.32373405488984147,1315589,1.711516510496201,64600148724.454094,USD,32.996369103792446,6.2519,USD,20.982661196687047
KMI,"Kinder Morgan, Inc.",Industrial services,28.16,USD,-0.4595263343937752,11841429,1.2531436988490163,62561388274.87876,USD,24.75169201019601,1.1377,USD,4.032553035844918
CSX,CSX Corporation,Transportation,31.78,USD,-1.3043478260869616,13644153,1.3057467909364346,61285159413.50869,USD,17.083266139869913,1.8603,USD,-1.2422360248447135
ADSK,"Autodesk, Inc.",Technology services,284.96,USD,-3.849917333063409,2352181,2.371439938024686,61266398990.42412,USD,56.61044559667839,5.0337,USD,18.610240580598024
RCL,Royal Caribbean Cruises Ltd.,Consumer services,226.95,USD,-0.11882756799577952,2498725,1.5978104454461932,61021236985.691826,USD,23.835530116053143,9.5215,USD,196.89741191144373
CVS,CVS Health Corporation,Retail trade,48.01,USD,4.346881112801565,16811705,1.4558647068864345,60416146324.71875,USD,12.19828243305046,3.9358,USD,-40.63291902980572
DLR,"Digital Realty Trust, Inc.",Finance,173.34,USD,-4.163211146127053,2781449,2.051046971201047,59996853711,USD,147.85056294779938,1.1724,USD,-59.022753486421294
CARR,Carrier Global Corporation,Producer manufacturing,66.51,USD,-2.8341855368882363,6005705,1.8623707978815067,59674588784.0507,USD,17.37415428019122,3.8281,USD,172.249484389446
OKE,"ONEOK, Inc.",Industrial services,101.75,USD,-1.0695187165775346,3023550,1.3356921114272613,59447579455.34759,USD,21.29997906635964,4.777,USD,-12.295518387280367
HLT,Hilton Worldwide Holdings Inc.,Consumer services,240.69,USD,-1.0727496917386,1387357,1.3874129127403836,58675364570.114784,USD,51.63691753196602,4.6612,USD,-5.942651895796764
SPG,"Simon Property Group, Inc.",Finance,170.96,USD,-2.135210945102748,2010274,1.7308023784354545,56996126502,USD,22.324075162246512,7.6581,USD,14.422961989003108
TFC,Truist Financial Corporation,Finance,42.78,USD,-2.662116040955635,8002231,1.7422772936069002,56791333532.07918,USD,,-1.4566,USD,-136.6145492936504
VST,Vistra Corp.,Utilities,166.73,USD,3.6813630993097366,9669544,1.9623622281155397,56725917934.11143,USD,31.582436732838303,5.2792,USD,55.531331938838655
AFL,AFLAC Incorporated,Finance,100.99,USD,-2.491068842328858,2176298,1.3983043768901189,56102817230.87689,USD,15.206131237389707,6.6414,USD,-12.443805782236698
FCX,"Freeport-McMoRan, Inc.",Non-energy minerals,38.98,USD,-1.9124308002013213,11966876,1.1174411332036875,56011445451.74836,USD,28.36146682188591,1.3744,USD,-7.44157855747862
PCAR,PACCAR Inc.,Producer manufacturing,106.58,USD,-1.7695852534562229,2559931,1.4423136190415753,55879951244.75649,USD,11.913970801940575,8.9458,USD,14.340857383879953
MET,"MetLife, Inc.",Finance,80.25,USD,-3.1031151895677294,3814624,1.6834484553400653,55566737710.45038,USD,16.184982756186596,4.9583,USD,82.28373956839825
BK,The Bank of New York Mellon Corporation,Finance,75.42,USD,-3.2456703014753066,3577393,1.311592570316205,54836243850.50879,USD,16.401713676793598,4.5983,USD,7.660789960431748
GM,General Motors Company,Consumer durables,49.85,USD,-2.254901960784311,7845426,1.0650028600799062,54814851886.02451,USD,5.321647415504836,9.3674,USD,31.694081259665392
AZO,"AutoZone, Inc.",Retail trade,3251.32,USD,-1.575067734269749,132938,1.3023624901420041,54564173431.51234,USD,21.720674630798236,149.6878,USD,8.64514199778192
SLB,Schlumberger N.V.,Industrial services,38.62,USD,-0.48956454522031645,15272160,1.661534317956175,54537400875.09972,USD,12.431597244576064,3.1066,USD,7.883039311015414
ROP,"Roper Technologies, Inc.",Technology services,502.71,USD,-1.4873603762492713,575575,1.0548772598098133,53905164136.58136,USD,37.037500920945995,13.573,USD,14.910513215597968
CPRT,"Copart, Inc.",Retail trade,55.64,USD,-2.007749207467419,4060081,1.2383795571649086,53610717985.8732,USD,38.99635548079618,1.4268,USD,4.359274429490938
NSC,Norfolk Southern Corporation,Transportation,233.94,USD,-1.2536406230214001,1022512,1.276536669942552,52926505601.62441,USD,21.942297591355892,10.6616,USD,16.798492583422803
TRV,"The Travelers Companies, Inc.",Finance,232.43,USD,-4.259175351155416,1818404,2.0286699612027763,52766019353.25328,USD,11.922055006719397,19.4958,USD,110.89536254773209
NXPI,NXP Semiconductors N.V.,Electronic technology,206.75,USD,-1.416173946213999,2510239,1.5561185840396365,52546666184.12526,USD,19.738412334717648,10.4745,USD,-3.0264595330234823
JCI,Johnson Controls International plc,Producer manufacturing,78.66,USD,-1.7241379310344946,3036154,1.6290250060897353,52087501309.55171,USD,31.007568590350047,2.5368,USD,-5.901554211951483
PSA,Public Storage,Finance,288.99,USD,-2.189805726663498,883138,1.5787295590491133,51759504169,USD,29.95366867401196,9.6479,USD,-11.546395533266708
GWW,"W.W. Grainger, Inc.",Distribution services,1052.48,USD,-1.5306313386474966,288857,1.5668791951041434,51255947804.43097,USD,28.357038741435474,37.1153,USD,2.975628974441492
FANG,"Diamondback Energy, Inc.",Energy minerals,174.77,USD,2.2106555938943804,2725189,1.5131438383059472,51030953560.278206,USD,10.007100076726635,17.4646,USD,-0.9612058454925361
LULU,lululemon athletica inc.,Retail trade,395.47,USD,0.6489870711595265,1321640,1.120072531315275,50184972445.25896,USD,28.56368994308497,13.8452,USD,76.16551302931596
PAYX,"Paychex, Inc.",Technology services,139.06,USD,-0.8484848484848468,1904011,1.0541836759382803,50070367638.3103,USD,29.26100496591196,4.7524,USD,5.6746419994663215
ROST,"Ross Stores, Inc.",Retail trade,151.74,USD,-1.8689775593351783,2809602,1.6220748433205907,50063458270.152245,USD,23.882147410170454,6.3537,USD,25.825807984790877
AMP,"Ameriprise Financial, Inc.",Finance,515.48,USD,-3.6359897556689535,437028,1.306549879951604,50009067031.03548,USD,19.789087363284924,26.0487,USD,5.9855315409153045
SRE,DBA Sempra,Utilities,78.73,USD,-4.938420671335413,8190681,2.3563497727951344,49867521269.91005,USD,17.32919528085931,4.5432,USD,5.178840143535132
AEP,"American Electric Power Company, Inc.",Utilities,93.51,USD,1.3548666811185779,7725244,3.740793338857427,49800183067.92954,USD,18.77560035338527,4.9804,USD,14.457748259140951
CMI,Cummins Inc.,Producer manufacturing,354.88,USD,-1.3537178596247406,688523,1.6412572301699961,48683096435.808426,USD,23.558933846715572,15.0635,USD,-23.25699875181496
MNST,Monster Beverage Corporation,Consumer non-durables,49.74,USD,-3.6046511627906965,6635105,1.88358921542301,48373129161.78256,USD,31.956312238997754,1.5565,USD,5.325483827310866
OXY,Occidental Petroleum Corporation,Energy minerals,51.3,USD,0.21488571986716046,10904314,1.097716615864508,48136998641.87927,USD,13.36111472848027,3.8395,USD,-15.877919460146344
ALL,Allstate Corporation (The),Finance,180.99,USD,-5.636079249217936,4641213,3.232977025601203,47926780218.366005,USD,11.68521770569702,15.4888,USD,
PSX,Phillips 66,Energy minerals,113.93,USD,-1.995698924731177,4525787,1.8946378555407537,47051862665.67647,USD,14.650738130754592,7.7764,USD,-53.08384263141701
FICO,Fair Isaac Corporation,Technology services,1917.63,USD,-2.381873530100486,111501,0.7993401739033188,46690268927.99618,USD,93.78768982466437,20.4465,USD,20.787230397514126
PWR,"Quanta Services, Inc.",Industrial services,313.48,USD,0.40999359385010553,825642,0.9668727100007214,46273282266.41884,USD,57.91885300421255,5.4124,USD,15.402985074626855
O,Realty Income Corporation,Finance,51.67,USD,-1.5996952961340627,5842918,1.1184240271249293,45957331269,USD,49.167380340660394,1.0509,USD,-20.18076864651375
HWM,Howmet Aerospace Inc.,Electronic technology,112.64,USD,-2.094741416775312,2474028,1.5015336226231095,45761200901.00652,USD,43.1240428790199,2.612,USD,70.71895424836602
MPC,Marathon Petroleum Corporation,Energy minerals,142.27,USD,-0.042155553994240334,3593038,1.52382554286294,45724006011.95974,USD,11.26596612370628,12.6283,USD,-52.83777071514735
COR,"Cencora, Inc.",Distribution services,236.19,USD,-0.689568178951358,1359736,1.277507204754452,45650835699.33881,USD,31.468922789954036,7.5055,USD,-11.979594230092644
MSCI,MSCI Inc.,Technology services,575.73,USD,-4.400312173090015,447952,1.462588654450566,45120706938.145256,USD,37.80881831435439,15.2274,USD,26.9553037692904
D,"Dominion Energy, Inc.",Utilities,53.39,USD,-2.2161172161172176,4196338,1.3489208794975782,44848113615.71136,USD,19.04133528299868,2.8039,USD,43.26078070713264
NEM,Newmont Corporation,Non-energy minerals,39.1,USD,-0.07666751852798655,10010544,1.422597169972763,44513413397.88399,USD,,-1.5359,USD,-49.814670308232564
URI,"United Rentals, Inc.",Finance,670.94,USD,0.1402985074626947,697872,1.4391994768437144,44028681729.13084,USD,17.52483342083474,38.2851,USD,10.956831717602052
AIG,"American International Group, Inc. New",Finance,70.5,USD,-1.301973960520799,7175233,2.4060774167072294,43975739231.75135,USD,19.24546844289146,3.6632,USD,-29.876146174314222
HES,Hess Corporation,Energy minerals,142.41,USD,1.859666690508543,2253037,1.6033999491304278,43879120015.604385,USD,16.619402723803525,8.5689,USD,65.54422162976701
DHI,"D.R. Horton, Inc.",Consumer durables,136.52,USD,-2.4160114367405257,3523310,1.5601922157730899,43799603699.43217,USD,9.506566577998134,14.3606,USD,3.7218406246162945
NDAQ,"Nasdaq, Inc.",Finance,75.88,USD,-2.7428864393745203,3434619,1.5040259819423298,43612607042.0159,USD,45.331262321524584,1.6739,USD,-24.97759053424166
AXON,"Axon Enterprise, Inc.",Electronic technology,570,USD,-1.2713479059133321,482837,0.7507640397899328,43465224342.12076,USD,147.6072094468614,3.8616,USD,97.35268564419685
EW,Edwards Lifesciences Corporation,Health technology,73.42,USD,-0.9844908968307537,3473379,0.9578550601604218,43303115995.04922,USD,10.590848768103399,6.9324,USD,196.4337637903019
DAL,"Delta Air Lines, Inc.",Transportation,66.95,USD,9.003581895148162,27204299,3.8867579708523214,43201578399.07767,USD,9.298223685124231,7.2003,USD,36.11410423637498
BKR,Baker Hughes Company,Industrial services,43.26,USD,-0.4143646408839773,6873027,1.5100440936416124,42806885527.41574,USD,19.373040752351095,2.233,USD,34.55860198855078
KR,Kroger Company (The),Retail trade,59.12,USD,0.3735144312393869,5927019,1.0209192170761499,42779596112.953476,USD,15.64517836350164,3.7788,USD,47.0178578376065
DFS,Discover Financial Services,Finance,169.64,USD,-3.5423892647978725,1567631,1.793352372358301,42632470120.843346,USD,14.851779867276004,11.4222,USD,-15.262435550280054
TEL,TE Connectivity plc,Electronic technology,140.91,USD,-1.9415448851774475,1266997,1.2844663850701465,42154936237.41754,USD,13.719476574366164,10.2708,USD,70.65098195593659
TRGP,"Targa Resources, Inc.",Utilities,193.3,USD,0.6875716220439742,1800544,1.4969086536415102,42151654333.94937,USD,34.826318823868554,5.5504,USD,44.635830618892506
PEG,Public Service Enterprise Group Incorporated,Utilities,84.23,USD,-1.2312382739211976,2524879,1.6158955680804308,41965525079.51865,USD,20.725885826771655,4.064,USD,-27.55793226381462
FIS,"Fidelity National Information Services, Inc.",Technology services,77.13,USD,-2.7977315689981084,2431866,1.2185226042385278,41523271768.33157,USD,57.354253420582985,1.3448,USD,
KMB,Kimberly-Clark Corporation,Consumer non-durables,124.46,USD,-1.8221976808393172,2279979,1.5619536109206225,41505581957.79238,USD,16.135974692734532,7.7132,USD,48.26234045825004
KDP,Keurig Dr Pepper Inc.,Consumer non-durables,30.38,USD,-2.377892030848335,9825213,1.5997052438064112,41209061883.095116,USD,18.385378842895182,1.6524,USD,20.419763882815914
FAST,Fastenal Company,Distribution services,71.63,USD,-1.795996709624352,2774101,1.2081344291970795,41035859550.13587,USD,35.5978530961137,2.0122,USD,1.6313955250265164
PRU,"Prudential Financial, Inc.",Finance,114.53,USD,-3.293084522502749,1997156,2.1624094961015787,40772680105.41054,USD,10.15093904827745,11.2827,USD,629.5163584637269
AME,"AMETEK, Inc.",Producer manufacturing,176.15,USD,-1.2888764359764544,1430872,2.1135408254890713,40744849510.0891,USD,30.698849773440223,5.738,USD,3.9191538684439315
GLW,Corning Incorporated,Electronic technology,47.12,USD,-1.2780222082547654,4492186,1.5661861442543448,40344555452.47182,USD,263.5346756152125,0.1788,USD,-73.71361364304617
VLO,Valero Energy Corporation,Energy minerals,127.15,USD,1.5656202572090487,3030308,1.4032473399936354,40253809611.059586,USD,11.405735609397286,11.1479,USD,-61.98758822927678
GRMN,Garmin Ltd.,Electronic technology,209.16,USD,-1.0549221817493686,742270,1.2315194109439265,40163941223.906334,USD,26.56978442855147,7.8721,USD,45.11853408546252
KVUE,Kenvue Inc.,Consumer non-durables,20.85,USD,-1.1848341232227488,11057095,1.3734001786063204,39974818477.76303,USD,37.62179718513172,0.5542,USD,-32.734555164461696
LHX,"L3Harris Technologies, Inc.",Electronic technology,208.28,USD,0.545498431088581,1745165,1.852169460135689,39504125997.67454,USD,32.89220176242064,6.3322,USD,-18.59565222980703
A,"Agilent Technologies, Inc.",Health technology,137.47,USD,0.3430656934306561,1369873,1.479238262047056,39260786770.00526,USD,31.05333303214439,4.4269,USD,5.414930348851061
CTVA,"Corteva, Inc.",Process industries,57.09,USD,-0.1049868766404115,3886457,1.8593178569781474,39237560118.11182,USD,57.841945288753806,0.987,USD,-24.135280553420444
GEHC,GE HealthCare Technologies Inc.,Health technology,84.76,USD,-1.738928819846974,3791952,1.525768737447808,38724552652.04637,USD,23.21428571428572,3.6512,USD,8.489080374387159
F,Ford Motor Company,Consumer durables,9.65,USD,-0.9240246406570828,73276674,1.3287707570399019,38351884083.45483,USD,11.005930656934307,0.8768,USD,-42.50491803278688
CCI,Crown Castle Inc.,Finance,84.33,USD,-3.622857142857145,4119693,1.6297523331623416,38027342987,USD,29.918047326781846,2.8187,USD,-21.12656350561043
VRSK,"Verisk Analytics, Inc.",Technology services,268.63,USD,-4.204407674202988,1139611,1.6743891168696454,37933418076.29031,USD,41.86485054390175,6.4166,USD,88.89019723285251
CBRE,CBRE Group Inc,Finance,123.67,USD,-4.707967329326552,2800664,2.2130166751571045,37845242594.22877,USD,39.806231492210635,3.1068,USD,65.61650407804254
IT,"Gartner, Inc.",Technology services,489,USD,-1.2998546746326494,478494,1.5133518205993013,37718665537.33045,USD,36.055831238064336,13.5623,USD,16.56367371144211
ODFL,"Old Dominion Freight Line, Inc.",Transportation,176.41,USD,-1.7652299810669427,1045690,0.9691412179321663,37663099312.095055,USD,30.8306681347105,5.7219,USD,1.8729859169975247
PCG,Pacific Gas & Electric Co.,Utilities,17.17,USD,-10.805194805194796,74304146,5.496969278605503,37662499797.652466,USD,13.36706889840405,1.2845,USD,46.39844996580808
EXC,Exelon Corporation,Utilities,37.3,USD,-2.330452998167061,7690298,1.685970389193265,37480292609.9869,USD,15.370667985329872,2.4267,USD,12.84352476168332
CTSH,Cognizant Technology Solutions Corporation,Technology services,75.32,USD,-0.9208103130755102,2985658,1.3539182715602738,37345480805.83794,USD,16.663348156014244,4.5201,USD,10.034324107208072
EA,Electronic Arts Inc.,Technology services,140.85,USD,-2.3231622746185816,2296045,1.7862013361084257,36941126921.65673,USD,36.16917467002208,3.8942,USD,7.452884854170697
IQV,"IQVIA Holdings, Inc.",Health services,203.27,USD,-0.5138997650743848,1633784,2.0144469987984466,36893506322.17027,USD,26.660808205343443,7.6243,USD,27.920204019999318
XEL,Xcel Energy Inc.,Utilities,63.37,USD,-4.548877843048657,5441019,2.1332895515833963,36389700012.96596,USD,18.830975870676333,3.3652,USD,6.524010002848918
OTIS,Otis Worldwide Corporation,Producer manufacturing,90.77,USD,-1.111232160366064,2227635,1.5648416321696488,36259033647.35058,USD,22.60546894456343,4.0154,USD,21.15378813022357
SYY,Sysco Corporation,Distribution services,73.59,USD,-1.683366733466922,2460184,1.635307775473082,36149328310.64931,USD,18.920656142335577,3.8894,USD,9.40339230963968
UAL,"United Airlines Holdings, Inc.",Transportation,107.11,USD,3.2684149633629005,14323590,3.65902799292738,35225899726.760506,USD,12.910885837923844,8.2961,USD,-3.783213295756353
IR,Ingersoll Rand Inc.,Producer manufacturing,87.02,USD,-2.4767454891852605,2452188,1.380962136943773,35070144820.40143,USD,42.29610187615437,2.0574,USD,9.76898041935655
LEN,Lennar Corporation,Consumer durables,129.56,USD,-2.9803804103639284,4573516,1.9347643813386737,34984498203.31227,USD,9.032788828233391,14.3433,USD,4.2292515968694735
KHC,The Kraft Heinz Company,Consumer non-durables,28.51,USD,-3.8772757923128744,14238266,1.9952754699029083,34473576984.38739,USD,25.601652298850578,1.1136,USD,-54.00627787873782
YUM,"Yum! Brands, Inc.",Consumer services,123.25,USD,-3.5149522467512093,2555020,1.692575342861409,34395603504.64616,USD,23.0546202768425,5.346,USD,1.607937050975026
RMD,ResMed Inc.,Health technology,233.82,USD,-0.9950459414828278,1043327,1.8692986790726742,34323781028.923153,USD,30.996632818092635,7.5434,USD,22.70878745485896
IDXX,"IDEXX Laboratories, Inc.",Health technology,418.05,USD,-3.3097418817651962,694879,1.6363812768210149,34231883646.894257,USD,40.333629206545226,10.3648,USD,5.753553245110146
LVS,Las Vegas Sands Corp.,Consumer services,47.21,USD,-3.9471007121057946,4816122,1.8754350170829266,34228487213.211388,USD,23.463048556234778,2.0121,USD,128.62174752868992
ACGL,Arch Capital Group Ltd.,Finance,90.17,USD,-2.6872436865961524,2896396,2.22228292085288,33925731869.986835,USD,6.05423769781854,14.8937,USD,90.58325229052568
VMC,Vulcan Materials Company (Holding Company),Non-energy minerals,251.69,USD,-1.4062989658414304,506743,0.9261751026071802,33238499386.376453,USD,39.63185160690948,6.3507,USD,2.923682803105192
STZ,"Constellation Brands, Inc.",Consumer non-durables,181.81,USD,-17.087741700109447,8696637,6.4518499933082545,33009310532.553356,USD,58.446651878998296,3.1107,USD,-61.93931236999878
ETR,Entergy Corporation,Utilities,76.19,USD,-0.5352480417754525,3089030,1.4071967964512564,32671493440.084465,USD,18.548995739500914,4.1075,USD,18.02821757995459
WAB,Westinghouse Air Brake Technologies Corporation,Producer manufacturing,188.87,USD,-1.2547707429288468,761291,0.9909950251800065,32464792861.77644,USD,31.452123230641135,6.005,USD,42.66029981232034
HUM,Humana Inc.,Health services,269.04,USD,0.3393876104874594,1659279,1.6487590926096045,32395469235.25275,USD,23.820443578733016,11.2945,USD,-53.181479025037305
GIS,"General Mills, Inc.",Consumer non-durables,58.5,USD,-4.0511727078891235,5924978,1.8552215427685106,32247029485.074627,USD,12.729290423656897,4.5957,USD,11.77128681567235
HSY,The Hershey Company,Consumer non-durables,158.2,USD,-2.4781161385772474,3027742,2.4315367312591287,32012564160.684258,USD,18.223077188900277,8.6813,USD,-6.426300188628398
RJF,"Raymond James Financial, Inc.",Finance,154.21,USD,-3.2438198017317026,1189221,1.5518803950935243,31582150611.974403,USD,15.897610358549308,9.7002,USD,21.943002250242007
EBAY,eBay Inc.,Retail trade,65.9,USD,-5.043227665706052,8233715,1.6665554444277628,31566100694.134003,USD,16.645197140764317,3.9591,USD,-21.676426367017495
DECK,Deckers Outdoor Corporation,Consumer non-durables,207.5,USD,-0.009637625289133688,1526149,1.0729062847399466,31523811875.301174,USD,36.521402421853,5.6816,USD,47.058366765885864
WTW,Willis Towers Watson Public Limited Company,Finance,312.92,USD,-0.3915327073054151,594732,1.4713542955197234,31519013928.46577,USD,,-7.245,USD,-177.05807275047863
EXR,Extra Space Storage Inc,Finance,146.79,USD,-0.8242686304979386,1449918,1.8811651376253915,31375686481,USD,38.881678277222996,3.7753,USD,-30.393819831114715
TTWO,"Take-Two Interactive Software, Inc.",Technology services,178.61,USD,-2.791988679656033,1420341,1.0941496996702391,31368810071.476974,USD,,-21.1587,USD,-136.50783005264745
CNC,Centene Corporation,Health services,61.83,USD,-2.1212600918157407,5179025,1.4147160738095228,31215801441.688618,USD,10.722833061635045,5.7662,USD,29.609566409674308
MTB,M&T Bank Corporation,Finance,187.75,USD,-1.773569111645907,1445465,1.8178254583722353,31153867486.71785,USD,13.889710886870061,13.5172,USD,-22.059171188209582
HPQ,HP Inc.,Electronic technology,33.2,USD,-0.7473841554559043,6221466,1.3498578622170179,31134885329.279522,USD,11.800668230610649,2.8134,USD,-14.530485767232735
MLM,"Martin Marietta Materials, Inc.",Non-energy minerals,508.71,USD,-1.651039149347515,356813,1.0566282349917173,31091366904.077774,USD,15.80355145761364,32.1896,USD,86.83924891894243
ROK,"Rockwell Automation, Inc.",Producer manufacturing,273.4,USD,-2.203462584060676,837119,1.7879502025201173,30903125195.614536,USD,33.007762981564426,8.2829,USD,-30.77797370818256
HIG,"Hartford Financial Services Group, Inc. (The)",Finance,106.31,USD,-2.8422591847925416,2819018,2.9241165987938484,30818310759.43493,USD,10.64729035424199,9.9847,USD,36.94179284617073
ED,"Consolidated Edison, Inc.",Utilities,88.15,USD,-0.9661835748792263,2243168,1.3179113415843797,30540303713.42995,USD,16.582328486239398,5.3159,USD,-21.219082057589993
VICI,VICI Properties Inc.,Finance,28.21,USD,-2.150537634408593,7471694,1.197764865120013,30391838423,USD,10.464037983604733,2.6959,USD,13.435159471513936
DD,"DuPont de Nemours, Inc.",Process industries,72.7,USD,-2.350570852921424,2878953,1.5958843361312116,30385357338.80591,USD,38.24101835779286,1.9011,USD,-80.32802152317882
DXCM,"DexCom, Inc.",Health technology,77.76,USD,-2.909227119490571,4716896,2.120565982863093,30372694382.503685,USD,46.613115933341334,1.6682,USD,84.80115209925778
CCL,Carnival Corporation,Consumer services,24.27,USD,0.3722084367245652,20683178,1.2013293094210666,30355350627.15633,USD,17.446624973042915,1.3911,USD,
EFX,"Equifax, Inc.",Commercial services,244.35,USD,-1.5154568538148478,1206366,1.925314400541478,30287675853.39466,USD,54.2156645218549,4.507,USD,6.955551864068914
AVB,"AvalonBay Communities, Inc.",Finance,210.77,USD,-0.7534020812732468,857431,1.9375382313270122,30206919499,USD,28.8133971291866,7.315,USD,11.505746776012932
IRM,Iron Mountain Incorporated (Delaware),Finance,101.16,USD,-1.6431696645600367,1717900,0.9886184289087014,30182400477,USD,285.92425098925946,0.3538,USD,-62.68719679392534
TPL,Texas Pacific Land Corporation,Miscellaneous,1300.93,USD,1.9585560449550927,139421,1.0072403459645658,29888754214.263348,USD,66.74516443486738,19.491,USD,14.685997728757105
MCHP,Microchip Technology Incorporated,Electronic technology,55.19,USD,-2.110677545228813,7632829,1.1181978939934318,29637596474.741215,USD,38.489434409652,1.4339,USD,-68.53826575390556
LYV,"Live Nation Entertainment, Inc.",Consumer services,128.51,USD,-1.3813214642007607,2083518,1.6145218456828012,29634310144.61684,USD,137.60573937252383,0.9339,USD,-35.50414364640884
WEC,"WEC Energy Group, Inc.",Utilities,93.41,USD,-1.414248021108183,2397728,1.875170929332369,29550667414.2514,USD,22.84589233741776,4.0887,USD,-5.4460940752046625
ANSS,"ANSYS, Inc.",Technology services,337.81,USD,-1.6478877340087998,470297,1.2568814229175067,29541468110.604008,USD,52.172234320221165,6.4749,USD,17.038121576920982
TSCO,Tractor Supply Company,Retail trade,54.59,USD,0.3677146534289443,6356721,1.5115076506045582,29442808300.85862,USD,26.56447688564477,2.055,USD,0.27325070752416664
CAH,"Cardinal Health, Inc.",Distribution services,121.57,USD,-0.783481596343759,1974292,1.1825501774251777,29421215954.191628,USD,23.62417411581811,5.146,USD,747.4967061923585
EQT,EQT Corporation,Energy minerals,49,USD,0,10525821,1.703250414027475,29237517029,USD,58.070632851386584,0.8438,USD,-88.57181553463805
BRO,"Brown & Brown, Inc.",Finance,101.95,USD,-0.5656880912903524,1901992,1.8510236924243568,29153455885.03852,USD,27.767942257932727,3.6715,USD,39.78678850180849
HPE,Hewlett Packard Enterprise Company,Electronic technology,22.08,USD,0.22696323195641016,26461548,2.6392294355687653,29042575280.268723,USD,11.678214417940444,1.8907,USD,22.860484761842883
MPWR,"Monolithic Power Systems, Inc.",Electronic technology,591.23,USD,-4.7877480030919894,1076912,2.135535275897216,28840199698.966473,USD,66.62347028464538,8.8742,USD,-3.895428800398533
CSGP,"CoStar Group, Inc.",Technology services,69.87,USD,-2.0605550883095023,2769250,1.440894299886149,28643871148.413795,USD,162.48837209302326,0.43,USD,-56.5831987075929
K,Kellanova,Consumer non-durables,81.51,USD,-0.036791758646064675,1821055,1.252230532735453,28096326673.68911,USD,28.01608579088472,2.9094,USD,21.64569134924949
KEYS,Keysight Technologies Inc.,Electronic technology,161.31,USD,-2.1711443992964914,722820,1.199814953417162,27934497813.46668,USD,46.11228631867817,3.4982,USD,-40.820814724590605
NUE,Nucor Corporation,Non-energy minerals,118.16,USD,-0.01692333728212069,2644009,1.467238924894881,27745495555.442883,USD,11.419293735624407,10.3474,USD,-47.52946187704104
XYL,Xylem Inc.,Producer manufacturing,114.02,USD,-1.630575446467087,1334457,1.6191315812175655,27700555814.427742,USD,33.35966529155329,3.4179,USD,40.04917025199754
FITB,Fifth Third Bancorp,Finance,41.12,USD,-3.0645921735030743,6443285,1.7125776928481713,27572740743.185284,USD,13.717640779290099,2.9976,USD,-14.522797912686421
STT,State Street Corporation,Finance,93.91,USD,-3.908728128517351,2530752,1.9751415279587567,27529768458.472523,USD,14.838047084847528,6.329,USD,-7.7808538539997185
GDDY,GoDaddy Inc.,Technology services,192.86,USD,-2.1710459571877716,1051562,1.31631113131742,27075882994.472866,USD,14.90739881890981,12.9372,USD,456.84586579434426
DOW,Dow Inc.,Process industries,38.5,USD,-1.0791366906474864,7833463,1.2423086048709353,26953528211.420864,USD,25.809479117785077,1.4917,USD,-18.173340647284693
GPN,Global Payments Inc.,Commercial services,105.71,USD,-5.099201005476261,2161679,2.2185458771972586,26902648043.041023,USD,19.926484448633364,5.305,USD,59.256701990333504
SW,Smurfit WestRock plc,Process industries,51.77,USD,-0.30810706720584746,2242332,0.9043561896959981,26843904800.528595,USD,,,,
EL,"Estee Lauder Companies, Inc. (The)",Consumer non-durables,73.45,USD,-0.28509367363561466,4701036,1.9964555011058562,26366937881.18925,USD,131.16071428571428,0.56,USD,-63.13364055299539
PPG,"PPG Industries, Inc.",Process industries,113.18,USD,-2.1695911487596082,1460739,0.8841330588661828,26257760553.720116,USD,17.94997858944063,6.3053,USD,5.459198180267267
FTV,Fortive Corporation,Electronic technology,75.28,USD,-1.9153094462540703,2433140,1.277572355240032,26118341782.70645,USD,29.996812240994583,2.5096,USD,7.986230636833048
BR,"Broadridge Financial Solutions, Inc.",Technology services,221.46,USD,-3.4990631400061005,642686,1.4737198857687428,25886319647.34324,USD,38.324161561623924,5.7786,USD,2.564739709980296
EQR,Equity Residential,Finance,66.98,USD,-0.7997630331753438,2038069,1.6196759327324788,25619076802,USD,28.04270462633452,2.3885,USD,32.967767076768915
MTD,"Mettler-Toledo International, Inc.",Health technology,1210.99,USD,-2.8495559602409912,163016,1.794111270205158,25555121044.690018,USD,32.653209801975926,37.0864,USD,-5.468522983905919
DOV,Dover Corporation,Producer manufacturing,183.64,USD,-1.9121888687106146,1071996,1.9726605161875617,25193933686.2504,USD,16.433403729820668,11.1748,USD,53.57594414820516
EIX,Edison International,Utilities,65,USD,-6.474820143884892,13045504,4.785487309410978,25164767456.474815,USD,19.073329616479356,3.4079,USD,6.18495668972394
VTR,"Ventas, Inc.",Finance,57.39,USD,-1.510211086322297,2119904,0.8691558613810741,25109163810,USD,,-0.1679,USD,-1746.0784313725487
CHD,"Church & Dwight Company, Inc.",Consumer non-durables,101.42,USD,-1.1211855318319115,1537800,1.4723331482624544,24847649223.550747,USD,45.555405830301396,2.2263,USD,26.984941820670777
SYF,Synchrony Financial,Finance,63.77,USD,-3.0703754369965086,2962530,1.502343022844815,24828490205.14485,USD,8.322674949753335,7.6622,USD,41.69841328549766
VLTO,Veralto Corp,Technology services,100.1,USD,-1.8627450980392213,1272085,1.5167349549230738,24755509281.444115,USD,30.880765077896037,3.2415,USD,-6.679142075716142
DTE,DTE Energy Company,Utilities,119.02,USD,-1.6444921907280463,1082776,1.4530902336966587,24649113989.34683,USD,16.120599748073303,7.3831,USD,22.198315099554772
ADM,Archer-Daniels-Midland Company,Process industries,51.09,USD,2.508025682182985,4497622,2.1084415066919813,24448278573.361153,USD,14.574656244651111,3.5054,USD,-51.18439192858835
CDW,CDW Corporation,Technology services,183.14,USD,0.9926105657880132,1784004,1.7882672290741126,24405981031.64674,USD,22.371796437907697,8.1862,USD,2.1079678690814583
CPAY,"Corpay, Inc.",Commercial services,348.39,USD,-2.52643948296123,722354,1.7946999810431437,24286610376.357815,USD,24.842058727057513,14.0242,USD,9.956642073653589
TROW,"T. Rowe Price Group, Inc.",Finance,108.55,USD,-3.801843317972356,2164023,2.436244858919393,24115409643.312214,USD,11.886511464926306,9.1322,USD,30.214452746249908
NVR,"NVR, Inc.",Consumer durables,7845.22,USD,-2.0076318238310202,25822,1.1319679461326695,24036781181.391113,USD,16.037668349910238,489.1746,USD,2.9578991456913117
WST,"West Pharmaceutical Services, Inc.",Health technology,331.73,USD,-1.5375025971327674,474632,1.235613145350219,24024665770.173077,USD,49.207149744122226,6.7415,USD,-9.033868573741726
TYL,"Tyler Technologies, Inc.",Technology services,559.7,USD,-2.698098118980561,229558,1.3835087645284452,23954368371.186676,USD,102.42661591391553,5.4644,USD,47.467278369990574
WBD,"Warner Bros. Discovery, Inc. - Series A",Consumer services,9.7,USD,-3.578528827037785,33327393,1.537982401133107,23795701871.11332,USD,,-4.5808,USD,-130.8405563394477
HAL,Halliburton Company,Industrial services,26.97,USD,-0.22197558268591297,12315440,1.5857696991238586,23693199923.81132,USD,9.412298457457945,2.8654,USD,-1.4615358162247662
DVN,Devon Energy Corporation,Energy minerals,35.99,USD,2.3897581792318734,14348883,1.4330657270083906,23641832905.4734,USD,6.669755374351372,5.396,USD,-7.7228264587181075
NTAP,"NetApp, Inc.",Electronic technology,116.28,USD,-1.532729274282329,1359863,1.1333184264721852,23640470598.540096,USD,21.336954327761163,5.4497,USD,69.25059784465356
AWK,"American Water Works Company, Inc.",Utilities,121.12,USD,-1.2152352989152557,1308986,1.6673748945937752,23605548120.881496,USD,24.026978774052765,5.041,USD,4.715413377648532
LYB,LyondellBasell Industries NV,Process industries,72.48,USD,-0.7531151581541793,3955760,1.700094138324888,23538372863.00753,USD,11.036162923486868,6.5675,USD,-5.839593966852099
AEE,Ameren Corporation,Utilities,88.04,USD,-1.3446884805020043,1095624,1.0144647880281703,23500322545.177948,USD,20.716756476927785,4.2497,USD,-3.459791004089058
PPL,PPL Corporation,Utilities,31.73,USD,-1.3677339135840885,3820160,1.3680979439745813,23415785837.375813,USD,28.536738915370083,1.1119,USD,5.996186844613936
HBAN,Huntington Bancshares Incorporated,Finance,16.02,USD,-2.4954351795496055,16406456,1.2689765641950292,23274039082.37127,USD,15.556418722081956,1.0298,USD,-31.88702956544745
EXPE,"Expedia Group, Inc.",Consumer services,180.2,USD,-1.3251560617676135,1488587,1.4108655222816526,23128032429.270615,USD,23.230031454648582,7.7572,USD,39.2525042185761
ON,ON Semiconductor Corporation,Electronic technology,53.94,USD,-7.494426341965365,17555573,2.5482379266743975,22967513608.88664,USD,13.385944014294221,4.0296,USD,-18.730209950991267
WAT,Waters Corporation,Health technology,380.35,USD,1.64350614644576,585453,2.1691839989922026,22583728869.70524,USD,36.293285241271384,10.4799,USD,-4.769736842105252
HUBB,Hubbell Inc,Producer manufacturing,420.25,USD,-3.339696851208681,571707,2.05012323180381,22555048613.818226,USD,30.261679820266146,13.8872,USD,8.37859773990136
ROL,"Rollins, Inc.",Consumer services,46.09,USD,-0.5609492988133722,1338866,0.9729491608981503,22321617784.11521,USD,47.5448731173922,0.9694,USD,16.248950713514816
FE,FirstEnergy Corp.,Utilities,38.72,USD,-2.640181040985678,4248442,2.099552621407664,22314995139.60473,USD,25.009688670714375,1.5482,USD,69.88916931855591
PHM,"PulteGroup, Inc.",Consumer durables,107.61,USD,-2.5801195002715867,2040939,1.4089807152340703,22068893619.90576,USD,7.9313953831186055,13.5676,USD,10.292240783644269
PTC,PTC Inc.,Technology services,182.38,USD,-1.0739856801909407,858866,1.407075828645489,21950469424.109783,USD,58.54707714038072,3.1151,USD,51.28454179010248
TER,"Teradyne, Inc.",Electronic technology,134.17,USD,-2.172803499817731,1928752,0.9588435684941456,21851121847.545097,USD,42.679008811273334,3.1437,USD,2.9641032359491692
LII,"Lennox International, Inc.",Producer manufacturing,610.06,USD,-2.479338842975223,319940,1.2567711422656762,21732338189.388424,USD,28.977205257183023,21.0531,USD,38.888265834559284
WDC,Western Digital Corporation,Electronic technology,62.82,USD,-1.935685295035907,4652475,1.1249852106872258,21717403062.86169,USD,38.34696618239531,1.6382,USD,
BIIB,Biogen Inc.,Health technology,148.82,USD,-1.2802653399668371,1256325,1.1888421581555382,21685952936.96756,USD,13.44439124425212,11.0693,USD,10.056871283978602
WRB,W.R. Berkley Corporation,Finance,56.7,USD,-2.3928386985711834,2092725,1.8316558016153248,21606619291.600964,USD,14.542190305206464,3.899,USD,17.801679859810257
SBAC,SBA Communications Corporation,Finance,192.76,USD,-3.480046066796864,1108884,1.6349976224441274,21473341869,USD,30.407142744467055,6.3393,USD,39.496963295484534
FOXA,Fox Corporation,Consumer services,48.19,USD,-1.592811925668779,3441133,1.7105185718055003,21463001065.335304,USD,11.776061776061775,4.0922,USD,100.8146039846894
FOX,Fox Corporation,Consumer services,45.86,USD,-1.609096760351856,818843,0.9953226667120462,21459449277.798325,USD,11.206685890230194,4.0922,USD,100.8146039846894
ATO,Atmos Energy Corporation,Utilities,137.04,USD,-1.7775229357798294,779826,1.332253397833341,21299016493.35378,USD,20.032451870367932,6.8409,USD,11.480672707124704
TDY,Teledyne Technologies Incorporated,Electronic technology,456.4,USD,-1.2035674084336312,186158,1.0452501137008068,21269299196.553814,USD,23.081980478430182,19.773,USD,19.969420630153444
CINF,Cincinnati Financial Corporation,Finance,135.58,USD,-4.325735657328343,1151815,2.5490561887171097,21193203516.869385,USD,6.967470065265431,19.459,USD,84.06863672480986
DRI,"Darden Restaurants, Inc.",Consumer services,180.02,USD,-2.019267403254765,1293267,1.2419538151945158,21088764564.866272,USD,20.642838304264565,8.7207,USD,5.445993494794628
RF,Regions Financial Corporation,Finance,23.06,USD,-3.1905961376994187,6557588,0.9343584622018283,20958398257.00168,USD,13.018686840173881,1.7713,USD,-26.57519482672856
ZBH,"Zimmer Biomet Holdings, Inc.",Health technology,104.54,USD,2.9545006893834938,2709275,2.1493078685639264,20811166376.024227,USD,19.915795088681868,5.2491,USD,132.63162559829817
IFF,"International Flavors & Fragrances, Inc.",Consumer non-durables,81.36,USD,-0.8651151456074008,1512199,1.325148579819574,20802314069.313515,USD,,-9.0955,USD,-5153.055555555555
PKG,Packaging Corporation of America,Process industries,228.05,USD,-0.21440448061607625,1101071,1.3443660288278936,20480017538.31299,USD,26.59351167292488,8.5754,USD,-1.3721002449768145
CTRA,Coterra Energy Inc.,Energy minerals,27.77,USD,2.28360957642726,11810284,2.3691224233328825,20451074176.44862,USD,16.86505526539536,1.6466,USD,-43.116730576570966
ES,Eversource Energy (D/B/A),Utilities,55.63,USD,-1.921720733427356,3693762,2.320515939089254,20382949239.832687,USD,,-1.5748,USD,-147.1991607972426
CNP,"CenterPoint Energy, Inc (Holding Co)",Utilities,31.18,USD,0.03208213025344244,4826305,1.5293770939076743,20320855202.354828,USD,20.659952292605354,1.5092,USD,19.76827235933657
STE,STERIS plc (Ireland),Health technology,205.74,USD,-1.7619252256123752,343778,0.9425857786015497,20308045116.47701,USD,46.99191448540497,4.3782,USD,-20.709201876233777
FSLR,"First Solar, Inc.",Electronic technology,189.24,USD,-0.9888557526290935,1410524,0.9835270905678811,20259605651.051956,USD,16.301707354892066,11.6086,USD,163.04269011148372
NRG,"NRG Energy, Inc.",Utilities,99.39,USD,0.8625938705094319,3233088,1.1000160217582895,20133072270.97118,USD,24.07062071637887,4.1291,USD,
WY,Weyerhaeuser Company,Finance,27.29,USD,-1.4089595375722563,3529296,1.257296625013466,20111789157,USD,37.322210065645514,0.7312,USD,-15.114929185047608
CBOE,"Cboe Global Markets, Inc.",Finance,190.94,USD,-1.0622312036893162,779887,1.3170247410235982,19988709875.39251,USD,26.00618351697743,7.3421,USD,10.50556132508542
LDOS,"Leidos Holdings, Inc.",Electronic technology,149.44,USD,2.5317324185248697,1540783,1.643468033138091,19940243281.17791,USD,17.027288782544293,8.7765,USD,740.5804041758453
VRSN,"VeriSign, Inc.",Technology services,207.08,USD,-2.1684697878773447,635371,0.8285134832575654,19900387511.820667,USD,24.09111532510441,8.5957,USD,22.575079143256435
ZBRA,Zebra Technologies Corporation,Electronic technology,385.54,USD,-2.8866498740554105,460039,1.6269368190210984,19886164201.000305,USD,52.324145325244636,7.3683,USD,-17.877244407788424
LUV,Southwest Airlines Company,Transportation,33.12,USD,0.7299270072992544,9646842,2.169687842097757,19863298155.153282,USD,,-0.0721,USD,-109.8443473511742
NTRS,Northern Trust Corporation,Finance,99.46,USD,-2.700058696928199,969110,1.1342514538481696,19714811310.41342,USD,12.38296812749004,8.032,USD,52.47930746449997
CLX,Clorox Company (The),Consumer non-durables,157.57,USD,-1.9049990661769298,874368,1.0160477271723696,19504222974.381935,USD,55.150327254908824,2.8571,USD,314.97458242556286
CMS,CMS Energy Corporation,Utilities,65.09,USD,-1.8250377073906394,2559600,2.1690931680429424,19447908837.63937,USD,18.641349485923765,3.4917,USD,37.636485474397865
LH,Labcorp Holdings Inc.,Health services,232,USD,-0.9858734155605832,626928,1.4553571884562762,19404307963.9452,USD,44.918585064570465,5.1649,USD,-30.91913436588824
ULTA,"Ulta Beauty, Inc.",Retail trade,418.23,USD,0.744327214915458,941142,1.2583468218634253,19394387888.17575,USD,16.732546509301862,24.995,USD,1.4020625248484793
MKC,"McCormick & Company, Incorporated",Consumer non-durables,71.39,USD,-4.200214707461079,2026405,1.4350042882190222,19167300570.93143,USD,24.287269510784515,2.9394,USD,22.623169663343205
SMCI,"Super Micro Computer, Inc.",Electronic technology,32.6,USD,-0.030665440049058603,29690601,0.8866798699755237,19089427395.42472,USD,16.379440285384113,1.9903,USD,73.94686243663693
CFG,"Citizens Financial Group, Inc.",Finance,43.3,USD,-3.305046895935694,4074780,1.5867009293156855,19082332471.9071,USD,17.036512433113,2.5416,USD,-36.870342771982116
PODD,Insulet Corporation,Health technology,271.83,USD,0.5437194851309256,556996,1.480398663325956,19067453261.236904,USD,46.22330295197932,5.8808,USD,250.77840739636144
TSN,"Tyson Foods, Inc.",Consumer non-durables,54.27,USD,-2.145690587811031,3204775,1.474066407743251,18949546691.185356,USD,23.595652173913045,2.3,USD,
STX,Seagate Technology Holdings PLC,Electronic technology,88.87,USD,0.20295410982073156,2201867,1.1123991088548781,18798628115.938774,USD,23.23641688019662,3.8246,USD,
IP,International Paper Company,Process industries,54.09,USD,-1.0790051207022608,4910281,1.8260244163796544,18791314763.99616,USD,45.99489795918368,1.176,USD,-45.62101174512161
INVH,Invitation Homes Inc.,Finance,30.28,USD,-1.271600912944247,3806001,1.7484803018080182,18788611645,USD,74.63643086024156,0.4057,USD,-25.586940572267057
ERIE,Erie Indemnity Company,Finance,389.24,USD,-3.017316556621406,108660,1.3305512493663167,18127050253.875866,USD,36.671628573043655,10.6142,USD,39.57237534188934
COO,"The Cooper Companies, Inc.",Health technology,90.31,USD,-1.708750544188064,1945207,2.2206837014367036,18024306446.01219,USD,46.17547806524185,1.9558,USD,32.497798252150936
BBY,"Best Buy Co., Inc.",Retail trade,83.27,USD,-1.092766361800691,2139396,0.9931129986823146,17802760837.460625,USD,14.223004133501862,5.8546,USD,0.990133167736139
STLD,"Steel Dynamics, Inc.",Non-energy minerals,116.33,USD,-0.1287774725274774,1744335,1.3525067589089352,17710660792.07469,USD,10.529031090193238,11.0485,USD,-29.12403374282323
L,Loews Corporation,Finance,81.13,USD,-2.8732192026816783,860988,1.2718672630689507,17668226122.479946,USD,10.784261597766848,7.523,USD,29.281160316887494
JBHT,"J.B. Hunt Transport Services, Inc.",Transportation,174.29,USD,-1.990665242085149,671219,1.5053844228521294,17573653221.887756,USD,31.658008500744725,5.5054,USD,-25.78823212239671
ESS,"Essex Property Trust, Inc.",Finance,271.9,USD,-0.2714201877934306,1105539,3.275580850661004,17521888480,USD,31.78146879711991,8.5553,USD,4.917650810002105
PFG,Principal Financial Group Inc,Finance,76.34,USD,-2.5405336397293437,900521,1.1820062029923946,17460932605.781437,USD,,-0.9237,USD,-115.21696154986655
MAA,"Mid-America Apartment Communities, Inc.",Finance,148.19,USD,-0.7700549082630278,813859,1.638679454607762,17454901658,USD,33.44844709281329,4.4304,USD,-11.499970036555409
SNA,Snap-On Incorporated,Consumer durables,332.53,USD,-1.2736773350751205,332150,1.2203621736592092,17454435944.51535,USD,17.11742783016925,19.4264,USD,5.495699018159703
FDS,FactSet Research Systems Inc.,Technology services,453.02,USD,-1.1865811630240366,320029,1.5159757522703234,17228372191.72015,USD,32.45686937582392,13.9576,USD,12.936531054794957
JBL,Jabil Inc.,Producer manufacturing,153.88,USD,-0.04546930821694913,1266391,1.2013003428719953,17187328013.826828,USD,14.7571325821146,10.4275,USD,77.70714748287263
TRMB,Trimble Inc.,Technology services,70.23,USD,-3.18444995864351,1714843,1.7558748093063128,17150700743.263853,USD,11.738258398796592,5.983,USD,345.9268092718193
ARE,"Alexandria Real Estate Equities, Inc.",Finance,94.99,USD,-2.464318718554272,1780573,1.4642705094523196,17020097180,USD,57.92426367461431,1.6399,USD,17.775064636598664
DGX,Quest Diagnostics Incorporated,Health services,151.79,USD,-1.4542621567227223,935979,1.770115133821626,16942068184.616762,USD,20.376684744670566,7.4492,USD,11.752527828617724
NI,NiSource Inc,Utilities,36.03,USD,-1.1522633744856012,3780990,1.4820115618373606,16818045224.015638,USD,21.89208895370033,1.6458,USD,10.212281524141154
GEN,Gen Digital Inc.,Technology services,26.9,USD,-0.7746219107340496,3139034,1.4361170888945476,16578350190.317225,USD,27.418204056671083,0.9811,USD,-55.39643571558466
KEY,KeyCorp,Finance,16.72,USD,-2.279368790181184,16165269,2.1562221439809015,16574252686.391582,USD,1520,0.011,USD,-99.10801167693806
HRL,Hormel Foods Corporation,Consumer non-durables,30.05,USD,-1.2812089356110399,3194515,1.923845234559265,16497839119.858738,USD,20.485377326334447,1.4669,USD,1.4874775148747803
J,Jacobs Solutions Inc.,Technology services,132.35,USD,-0.5634861006761834,713097,1.3135930651720633,16413664612.90834,USD,20.905730713337967,6.3308,USD,19.471598414795235
MOH,Molina Healthcare Inc,Health services,286.08,USD,-4.31787016288171,722824,2.4346238634392465,16363775684.24897,USD,14.524776604386675,19.696,USD,22.739452857231885
HOLX,"Hologic, Inc.",Health technology,71.7,USD,-1.4297497937860766,2147897,1.3229593482154098,16271685221.8573,USD,21.591182847506623,3.3208,USD,81.56369600874797
MRNA,"Moderna, Inc.",Health technology,42.25,USD,-2.1311095668288202,6404663,0.8000038522118653,16258551785.753996,USD,,-5.8247,USD,37.61901191993403
OMC,Omnicom Group Inc.,Commercial services,82.07,USD,-2.460185405276928,3532358,2.245922540946578,16119457795.792843,USD,11.202566202566203,7.326,USD,6.414502353146235
GPC,Genuine Parts Company,Distribution services,115.91,USD,-0.5320518321462323,1245007,1.327483128530672,16115718663.97091,USD,14.915904206719942,7.7709,USD,-12.197188827623613
BLDR,"Builders FirstSource, Inc.",Retail trade,139.96,USD,-2.466898954703827,1772352,1.613266499837795,16107293268.269268,USD,13.679591058809732,10.2313,USD,-13.140960336864985
PNR,Pentair plc.,Producer manufacturing,96.97,USD,-2.5133205991756307,1066419,1.327762656444172,16022465335.439127,USD,24.283174316980944,3.9933,USD,30.041031652989442
BF.B,Brown Forman Inc,Consumer non-durables,33.86,USD,-5.918310641844964,4017043,1.460195256222808,15921573000.417337,USD,15.977727444318608,2.1192,USD,30.50064659153891
NWS,News Corporation,Consumer services,29.89,USD,-1.7422748191978996,575028,1.2497932507930367,15899465785.4142,USD,48.21745442813357,0.6199,USD,157.5405068550062
NWSA,News Corporation,Consumer services,26.98,USD,-1.7837641062977738,2397011,1.3128285102761905,15892752242.031307,USD,43.52314889498306,0.6199,USD,157.5405068550062
ALGN,"Align Technology, Inc.",Health technology,212.12,USD,-1.5090309699586757,758773,1.3380849855279584,15835406921.538189,USD,36.16524303957171,5.8653,USD,24.399244946870567
DG,Dollar General Corporation,Retail trade,71.36,USD,-0.36302708740575973,4668373,1.3939505052741492,15693896729.454342,USD,11.752305665349143,6.072,USD,-30.086355785837654
DLTR,"Dollar Tree, Inc.",Retail trade,72.9,USD,1.2922050854522813,2703764,0.9944736424930364,15676316776.181742,USD,,-4.7714,USD,-190.66793349168645
TPR,"Tapestry, Inc.",Retail trade,67.15,USD,-2.0137166204581867,4858597,1.5817193807492853,15648350423.876404,USD,19.429976851851855,3.456,USD,-11.960259839510892
IEX,IDEX Corporation,Producer manufacturing,206.02,USD,-1.3266918913740993,511083,1.3516119520216012,15600514742.592081,USD,31.876837382020735,6.463,USD,-20.560000983320425
MAS,Masco Corporation,Producer manufacturing,72.13,USD,-0.4828918322295923,1629082,1.8717574067135605,15561967875.366583,USD,19.184020851618392,3.7599,USD,2.4272638117031757
BALL,Ball Corporation,Process industries,52.01,USD,-2.7123082678638286,3735704,2.275823936692966,15521134140.101196,USD,,-1.5663,USD,-181.63339761296712
CF,"CF Industries Holdings, Inc.",Process industries,88.76,USD,2.011263073209976,1811069,1.3855564419072637,15446009186.436043,USD,14.06232671620273,6.3119,USD,-41.303761566001775
EXPD,"Expeditors International of Washington, Inc.",Transportation,109.09,USD,-3.3661086012932917,2136485,2.7025469770854285,15269968214.621313,USD,21.275060457133943,5.1276,USD,-3.1267121346658815
EG,"Everest Group, Ltd.",Finance,353.52,USD,-4.046901718101139,612080,2.405289373114973,15193788815.98241,USD,5.5290890265913015,63.9382,USD,18.565015103835403
BAX,Baxter International Inc.,Health technology,29.42,USD,-0.5745184183845832,5954529,1.702360699214129,15021486841.028051,USD,128.30353249018754,0.2293,USD,
FFIV,"F5, Inc.",Technology services,254.32,USD,-1.7462525112038256,789943,2.3908628550536197,14906932090.881165,USD,26.62367572547213,9.5524,USD,45.52046676721052
KIM,Kimco Realty Corporation (HC),Finance,21.66,USD,-1.7241379310344782,5053001,1.5623048955044554,14856755134,USD,40.29017857142858,0.5376,USD,-23.723041997729855
AVY,Avery Dennison Corporation,Process industries,184.86,USD,-1.5182995045548955,431363,0.8171965480809106,14852838375.726389,USD,22.201138519924104,8.3266,USD,40.17373152419109
RL,Ralph Lauren Corporation,Consumer non-durables,237.34,USD,-2.349310841390664,693655,1.1900231946912978,14742865037.863237,USD,22.60359425148332,10.5001,USD,34.18658146964856
LNT,Alliant Energy Corporation,Utilities,56.66,USD,-2.6460481099656463,1381045,1.2548162567279493,14538911579.338829,USD,21.996195504483868,2.5759,USD,-5.768949370793099
DOC,"Healthpeak Properties, Inc.",Finance,19.66,USD,-3.2480314960629926,4555959,1.3934468747880067,14497161403,USD,42.04448246364414,0.4676,USD,8.89613414066139
SWKS,"Skyworks Solutions, Inc.",Electronic technology,90.2,USD,-2.6233401705710815,3539053,1.9501263347750866,14424842589.588686,USD,24.402781159537916,3.6963,USD,-39.762393663831034
TXT,Textron Inc.,Electronic technology,75.65,USD,-0.4605263157894662,1261714,1.2648068321466484,14033951134.502632,USD,16.57609886498094,4.5638,USD,-1.6443611129070643
APTV,Aptiv PLC,Producer manufacturing,59.35,USD,-2.3848684210526248,3587432,1.360666373907663,13949370761.944902,USD,6.627138326856938,8.9556,USD,12.051448876432618
VTRS,Viatris Inc.,Health technology,11.67,USD,-2.424749163879606,9525858,1.3747871364535107,13929229135.19398,USD,,-0.7388,USD,-148.98554568359634
DPZ,Domino's Pizza Inc,Consumer services,402.33,USD,-2.510358865007636,586725,1.297064960134697,13894534542.200418,USD,24.714663062841698,16.279,USD,11.310923910070562
RVTY,"Revvity, Inc.",Health technology,113.88,USD,-2.181755712076968,641153,1.2851477186354467,13859440445.836111,USD,46.27199219861038,2.4611,USD,-58.64948418965691
EVRG,"Evergy, Inc.",Utilities,59.9,USD,-1.6581842062058743,1513311,0.9636686873441604,13775572295.153505,USD,16.17956890497542,3.7022,USD,25.205451655449956
UDR,"UDR, Inc.",Finance,40.09,USD,-2.7413876758854814,2787356,1.6124814070565716,13600958798,USD,107.566407298095,0.3727,USD,-72.69597069597069
AMCR,Amcor plc,Process industries,9.41,USD,-1.4659685863874405,17117052,1.463095050261996,13600680364.319372,USD,17.737983034872762,0.5305,USD,-18.99526645289358
INCY,Incyte Corporation,Health technology,70.54,USD,-3.541638178586065,2045962,1.7159639442943808,13589548356.717628,USD,499.57507082152983,0.1412,USD,-92.49774188406568
AKAM,"Akamai Technologies, Inc.",Technology services,88.93,USD,-4.745072836332469,2433707,1.9983034545252405,13359686285.09233,USD,26.34416565453091,3.3757,USD,1.8279991553799275
REG,Regency Centers Corporation,Finance,68.83,USD,-1.8816821097648002,1132952,1.492366741020327,12809533760,USD,32.439438212838155,2.1218,USD,-0.333505566254868
EPAM,"EPAM Systems, Inc.",Technology services,225.62,USD,-1.2647148921272533,615259,1.7346876057291079,12797487398.285416,USD,29.304343308395676,7.6992,USD,-3.935318044568656
JNPR,"Juniper Networks, Inc.",Technology services,38.45,USD,0.20849622100600837,2253885,1.1506227769997661,12730373629.285904,USD,50.68547324017928,0.7586,USD,-32.03726930657588
DVA,DaVita Inc.,Health services,153.4,USD,-0.363730839179009,458457,0.8533307870606911,12578800548.995842,USD,16.53676573633884,9.2763,USD,45.410226667084686
JKHY,"Jack Henry & Associates, Inc.",Technology services,172,USD,-0.8359757855289643,679677,1.8137721118497738,12549004143.695591,USD,31.461496250228645,5.467,USD,10.404297427198173
POOL,Pool Corporation,Distribution services,326.4,USD,0.49570491702329406,529741,1.5570785154198217,12421324252.653097,USD,28.057386983916857,11.6333,USD,-15.830638217823218
CAG,"ConAgra Brands, Inc.",Consumer non-durables,25.94,USD,-2.4812030075187974,5528876,1.3506795849155437,12381693041.534586,USD,25.34440644846116,1.0235,USD,-50.16554679131365
SWK,"Stanley Black & Decker, Inc.",Consumer durables,80.09,USD,-1.8023540951446773,1605812,1.531379308700607,12346984731.074427,USD,,-1.2385,USD,-423.45731191885034
KMX,CarMax Inc,Retail trade,78.34,USD,-4.3817893323568935,1793605,1.1655653850400334,12048689893.53082,USD,26.63991566633795,2.9407,USD,-6.248605222048641
CHRW,"C.H. Robinson Worldwide, Inc.",Transportation,101.76,USD,-1.785541936106548,849811,1.2540450101592857,12028560466.463083,USD,35.201328352013284,2.8908,USD,-11.13980081150867
HST,"Host Hotels & Resorts, Inc.",Finance,17.08,USD,0.7075471698113057,6579132,1.234226733726412,11855535200,USD,16.717235979250265,1.0217,USD,-3.3030475108839608
CPT,Camden Property Trust,Finance,109.16,USD,-1.6930835734870402,1106857,1.8037107139103292,11845893892,USD,34.56727572120713,3.1579,USD,51.58162530600491
TECH,Bio-Techne Corp,Health technology,73.31,USD,-2.5003324910227365,1034464,2.102216172650689,11648358230.44873,USD,78.13066183523394,0.9383,USD,-38.447913933350826
SOLV,Solventum Corporation,Health services,67.07,USD,-2.7407192575406043,1166330,1.4002902078734554,11586831534.252466,USD,,,,
NDSN,Nordson Corporation,Producer manufacturing,200.12,USD,-0.974813202038695,595464,1.9053482246392577,11410046824.717503,USD,24.675100490740054,8.1102,USD,-4.132485401546122
BG,Bunge Limited,Process industries,81.22,USD,4.962522615662967,2349798,2.2431627533476353,11340513123.927889,USD,10.265289872473806,7.9121,USD,-38.738076065411306
NCLH,Norwegian Cruise Line Holdings Ltd.,Consumer services,25.79,USD,-0.5015432098765531,7842794,1.094382940048873,11340076638.111496,USD,25.024257713953038,1.0306,USD,
PAYC,"Paycom Software, Inc.",Technology services,202,USD,1.293751880453321,553986,1.411685380889476,11289023074.335573,USD,24.31918326069683,8.3062,USD,42.12966923906162
CPB,The Campbell's Company,Consumer non-durables,37.735,USD,-3.8108590364516886,3752142,1.770654383043738,11249152528.069336,USD,20.548355478109343,1.8364,USD,-30.707116444041954
DAY,"Dayforce, Inc.",Technology services,70.29,USD,0.22814772565237532,1158029,1.2414214884892665,11084732351.523886,USD,211.71686746987953,0.332,USD,1271.9008264462811
BXP,"BXP, Inc.",Finance,68.15,USD,-2.545402545402547,1886375,2.1747335818062403,11056681475,USD,29.55846634281749,2.3056,USD,88.59713701431495
ALLE,Allegion plc,Producer manufacturing,126.21,USD,-1.7056074766355234,741504,1.3176406700437653,10971344303.96612,USD,19.385905627918408,6.5104,USD,3.1824521364270337
TAP,Molson Coors Beverage Company,Consumer non-durables,52.44,USD,-5.666486778197528,2681582,1.913662389466451,10809869425.18942,USD,11.828927185780023,4.4332,USD,282.56817397307555
UHS,"Universal Health Services, Inc.",Health services,182.93,USD,-3.887984027741294,767469,1.8898722640993244,10740682047.063047,USD,12.167753092989225,15.034,USD,57.78757346767422
SJM,The J.M. Smucker Company,Consumer non-durables,100.9,USD,-4.2966897467514,1405514,1.717498872425259,10737371389.17386,USD,20.381367915000205,4.9506,USD,
AIZ,"Assurant, Inc.",Finance,198.92,USD,-3.164248856002337,374033,1.4309050517586146,10202084823.345537,USD,14.18739167956408,14.0209,USD,42.78774670550135
ALB,Albemarle Corporation,Process industries,86.53,USD,-0.9727626459143904,1691130,1.022043808404543,10170765007.023348,USD,,-16.747,USD,-159.38252387250503
WBA,"Walgreens Boots Alliance, Inc.",Retail trade,11.76,USD,27.548806941431657,103960527,6.5744898061142445,10154615303.531452,USD,,-10.0087,USD,-180.6623482235495
EMN,Eastman Chemical Company,Process industries,87.24,USD,-1.0660013608528145,1176227,1.2354401645591213,10112214388.99705,USD,11.671059144603941,7.4749,USD,52.61750173547306
BEN,"Franklin Resources, Inc.",Finance,19.12,USD,-3.434343434343433,5529548,1.7831155658462312,10018550521.842424,USD,22.19900150934634,0.8613,USD,-49.9767684980834
IPG,"Interpublic Group of Companies, Inc. (The)",Commercial services,26.64,USD,-3.2328369051943353,6783747,2.0908379693939096,9923798612.007265,USD,12.577903682719548,2.118,USD,-11.757353553870512
AOS,A.O. Smith Corporation,Producer manufacturing,67.58,USD,-1.6016307513104375,1343706,1.599198607155052,9856294940.663074,USD,17.82643102083883,3.791,USD,92.20239302372745
CRL,"Charles River Laboratories International, Inc.",Commercial services,186.12,USD,-0.9525836836783523,911473,1.8960899449337534,9517466170.445002,USD,22.982317494813792,8.0984,USD,-12.27427828630234
MGM,MGM Resorts International,Consumer services,31.87,USD,-2.508412358519415,5905746,1.639409729374167,9488988651.868464,USD,11.396388342571072,2.7965,USD,-4.6376811594202945
GL,Globe Life Inc.,Finance,112.42,USD,-1.4896600070101673,772560,1.3905823576613245,9437103954.325447,USD,9.513895941234217,11.8164,USD,26.405648267008974
LKQ,LKQ Corporation,Consumer durables,36.27,USD,-0.19262520638415045,3043847,1.849713325599879,9428746715.794441,USD,13.431343504665977,2.7004,USD,-23.953815826527737
GNRC,Generac Holdings Inc.,Producer manufacturing,157.44,USD,-0.7439162778968648,822932,1.3407188117414965,9367247890.624638,USD,32.648998382481025,4.8222,USD,89.15038832666508
PNW,Pinnacle West Capital Corporation,Utilities,81.76,USD,-2.212653988757319,1256772,1.507846905497597,9296097471.734003,USD,15.485728355777791,5.2797,USD,25.850972540045774
ENPH,"Enphase Energy, Inc.",Electronic technology,66.74,USD,-4.191788687912721,2861238,1.1055945036005728,9017016854.295147,USD,152.2006841505131,0.4385,USD,-88.95688526241564
FRT,Federal Realty Investment Trust,Finance,101.65,USD,-2.7830910482019857,698094,1.422519113290836,8948927704,USD,29.610533368289204,3.4329,USD,-0.26148348295999
WYNN,"Wynn Resorts, Limited",Consumer services,81.15,USD,-0.024639645189104376,2654224,1.428333264990072,8911484770.611065,USD,9.80534309638598,8.2761,USD,11981.897810218976
APA,APA Corporation,Energy minerals,23.68,USD,0,5845526,1.289148717501765,8760355699,USD,3.352255836011268,7.0639,USD,44.909430323917384
HSIC,"Henry Schein, Inc.",Distribution services,69.67,USD,-1.9560934421615543,1096036,1.3795975055783125,8686545684.702223,USD,28.531061878045787,2.4419,USD,-27.31142465916533
LW,"Lamb Weston Holdings, Inc.",Consumer non-durables,60.73,USD,-0.2627689275743204,3063198,1.1938010538130572,8662569703.02102,USD,24.00395256916996,2.53,USD,-67.08472106577852
AES,The AES Corporation,Utilities,12.02,USD,-3.0645161290322642,16106278,1.5908986050383243,8546544740.656449,USD,8.360575919872018,1.4377,USD,
MKTX,"MarketAxess Holdings, Inc.",Finance,215.46,USD,-1.8852459016393381,480686,1.485880325499803,8123782660.487705,USD,29.167456342222827,7.387,USD,12.148539503248912
TFX,Teleflex Incorporated,Health technology,174.61,USD,-1.8824454933692933,757293,2.108227424525707,8109540562.855418,USD,34.704748275793534,5.0313,USD,-41.078580630050354
HAS,"Hasbro, Inc.",Consumer durables,57.04,USD,-0.1225704780248648,1167880,0.9253161451932176,7957161028.561022,USD,,-4.6436,USD,-15.59007293455805
MOS,Mosaic Company (The),Process industries,24.83,USD,0.6077795786061531,4432677,1.08082897845124,7887132752.720421,USD,21.89208252512784,1.1342,USD,-70.9082514684382
MTCH,"Match Group, Inc.",Technology services,30.81,USD,-3.2956685499058405,4091807,1.3693256977665953,7736113963.365348,USD,13.741581553008338,2.2421,USD,27.536973833902174
PARA,Paramount Global,Consumer services,10.48,USD,-1.5037593984962419,10085824,1.3961917796314103,7466176844.263158,USD,,-8.8875,USD,-399.43804439449275
MHK,"Mohawk Industries, Inc.",Producer manufacturing,118.09,USD,-0.1606357795062544,597401,1.2338682427548056,7453990155.6953,USD,13.357539561346952,8.8407,USD,
HII,"Huntington Ingalls Industries, Inc.",Electronic technology,190.02,USD,0.18981335020563833,370191,1.034057405268458,7435358993.823474,USD,10.728380354450962,17.7119,USD,33.50644847626011
IVZ,Invesco Ltd,Finance,16.36,USD,-4.439252336448607,3796418,1.8499253922837757,7352837801.789719,USD,,-0.9208,USD,-170.65684468999385
CE,Celanese Corporation,Process industries,65.01,USD,0.10779180782261685,1939805,1.0068376860689432,7106387540.5274105,USD,6.531567737009203,9.9532,USD,-46.37168904502252
BWA,BorgWarner Inc.,Producer manufacturing,31.04,USD,-1.5852885225110973,3843838,2.5144747021997937,6788444313.384908,USD,7.883174603174603,3.9375,USD,27.180232558139533
CZR,"Caesars Entertainment, Inc.",Consumer services,31.43,USD,-1.7198248905566,6036540,1.5365782882277477,6678258160.205753,USD,,-1.6715,USD,-150.6407731693277
FMC,FMC Corporation,Process industries,49.59,USD,-1.4311270125223592,1183041,0.8804380514966221,6190596527.722719,USD,4.277987215210621,11.5919,USD,195.1996536620149